Phenotype	numVariants	BATCHDATE	RCV	CLINVARSET_ID	DATE_CREATED	DATE_LAST_UPDATED	OMIM_CODE	MEDGEN_CODE	GENALLIANCE_CODE	SNOMED_CODE	GENEREV_CODE	ORPHNET_CODE	ORD_CODE	MESH_CODE	HPO_CODE	GHR_CODE	GENETEST_CODE	GENE_CODE	UNISWISSPROT_CODE	EFO_CODE	ICD9_CODE	GENE	DBSNP_DB	DBVAR_DB	OMIM_DB	GENEREV_DB	UNISWISSPROT_DB	DBRBC_DB	NCBI_DB	GENE_DB	VAR_TYPE	INTERPRETATION	STAR_NUM	HGVS_CODING	HGVS_GENOMIC	HGVS_PROTEIN	ASSEMBLY	CHR	ACCESSION	START_SEQ	STOP_SEQ
HEMOGLOBIN ALABAMA	1	1	1	1	1	1	1	0	0	0	0	0	0	0	0	0	0	0	0	0	0	1	0	1	0	0	0	0	0	0	1	1	1	0	0	0	1	1	1	1	1
HEMOGLOBIN CAMDEN	1	1	1	1	1	1	1	0	0	0	0	0	0	0	0	0	0	0	0	0	0	1	0	1	0	0	0	0	0	0	1	1	1	0	0	0	1	1	1	1	1
HEMOGLOBIN MOTOWN	1	1	1	1	1	1	1	0	0	0	0	0	0	0	0	0	0	0	0	0	0	1	0	1	0	0	0	0	0	0	1	1	1	0	0	0	1	1	1	1	1
HEMOGLOBIN TOKUCHI	1	1	1	1	1	1	1	0	0	0	0	0	0	0	0	0	0	0	0	0	0	1	0	1	0	0	0	0	0	0	1	1	1	0	0	0	1	1	1	1	1
Beta-plus-thalassemia	44	44	44	44	44	44	0	0	0	0	0	0	0	0	0	0	0	0	0	0	0	44	31	44	0	11	0	0	0	0	44	44	44	31	31	0	44	44	44	44	44
HEMOGLOBIN EDMONTON	1	1	1	1	1	1	1	0	0	0	0	0	0	0	0	0	0	0	0	0	0	1	0	1	0	0	0	0	0	0	1	1	1	0	0	0	1	1	1	1	1
HEMOGLOBIN KORIYAMA	1	1	1	1	1	1	1	0	0	0	0	0	0	0	0	0	0	0	0	0	0	1	0	1	0	0	0	0	0	0	1	1	1	0	0	0	1	1	1	1	1
HEMOGLOBIN LINCOLN PARK	1	1	1	1	1	1	1	0	0	0	0	0	0	0	0	0	0	0	0	0	0	1	0	1	0	0	0	0	0	0	1	1	1	0	0	0	1	1	1	1	1
Hbb/hbd anti-lepore	4	4	4	4	4	4	0	0	0	0	0	0	0	0	0	0	0	0	0	0	0	4	0	4	0	0	0	0	0	0	4	4	4	0	0	0	4	4	4	4	4
HEMOGLOBIN LITTLE ROCK	1	1	1	1	1	1	1	0	0	0	0	0	0	0	0	0	0	0	0	0	0	1	0	1	0	0	0	0	0	0	1	1	1	0	0	0	1	1	1	1	1
HEMOGLOBIN MARSEILLE	1	1	1	1	1	1	1	0	0	0	0	0	0	0	0	0	0	0	0	0	0	1	0	1	0	0	0	0	0	0	1	1	1	0	0	0	1	1	1	1	1
HEMOGLOBIN LONG ISLAND	1	1	1	1	1	1	1	0	0	0	0	0	0	0	0	0	0	0	0	0	0	1	0	1	0	0	0	0	0	0	1	1	1	0	0	0	1	1	1	1	1
HEMOGLOBIN MIYADA	1	1	1	1	1	1	1	0	0	0	0	0	0	0	0	0	0	0	0	0	0	1	0	1	0	0	0	0	0	0	1	1	1	0	0	0	1	1	1	1	1
HEMOGLOBIN MIZUNAMI	1	1	1	1	1	1	1	0	0	0	0	0	0	0	0	0	0	0	0	0	0	1	0	1	0	0	0	0	0	0	1	1	1	0	0	0	1	1	1	1	1
"HEMOGLOBIN N, BETA TYPE"	1	1	1	1	1	1	1	0	0	0	0	0	0	0	0	0	0	0	0	0	0	1	0	1	0	0	0	0	0	0	1	1	1	0	0	0	1	1	1	1	1
HEMOGLOBIN N (MEMPHIS)	1	1	1	1	1	1	1	0	0	0	0	0	0	0	0	0	0	0	0	0	0	1	0	1	0	0	0	0	0	0	1	1	1	0	0	0	1	1	1	1	1
HEMOGLOBIN NAGASAKI	1	1	1	1	1	1	1	0	0	0	0	0	0	0	0	0	0	0	0	0	0	1	0	1	0	0	0	0	0	0	1	1	1	0	0	0	1	1	1	1	1
HEMOGLOBIN OSLER	1	1	1	1	1	1	1	0	0	0	0	0	0	0	0	0	0	0	0	0	0	1	0	1	0	0	0	0	0	0	1	1	1	0	0	0	1	1	1	1	1
HEMOGLOBIN NANCY	1	1	1	1	1	1	1	0	0	0	0	0	0	0	0	0	0	0	0	0	0	1	0	1	0	0	0	0	0	0	1	1	1	0	0	0	1	1	1	1	1
HEMOGLOBIN FORT GORDON	1	1	1	1	1	1	1	0	0	0	0	0	0	0	0	0	0	0	0	0	0	1	0	1	0	0	0	0	0	0	1	1	1	0	0	0	1	1	1	1	1
HEMOGLOBIN P (CONGO)	1	1	1	1	1	1	1	0	0	0	0	0	0	0	0	0	0	0	0	0	0	1	0	1	0	0	0	0	0	0	1	1	1	0	0	0	1	1	1	1	1
HEMOGLOBIN P (NILOTIC)	1	1	1	1	1	1	1	0	0	0	0	0	0	0	0	0	0	0	0	0	0	1	0	1	0	0	0	0	0	0	1	1	1	0	0	0	1	1	1	1	1
HEMOGLOBIN RICHMOND	1	1	1	1	1	1	1	0	0	0	0	0	0	0	0	0	0	0	0	0	0	1	0	1	0	0	0	0	0	0	1	1	1	0	0	0	1	1	1	1	1
HEMOGLOBIN VAASA	1	1	1	1	1	1	1	0	0	0	0	0	0	0	0	0	0	0	0	0	0	1	0	1	0	0	0	0	0	0	1	1	1	0	0	0	1	1	1	1	1
HEMOGLOBIN YAMAGATA	1	1	1	1	1	1	1	0	0	0	0	0	0	0	0	0	0	0	0	0	0	1	1	1	0	0	0	0	0	0	1	1	1	0	0	0	1	1	1	1	1
beta^0^ Thalassemia	54	54	54	54	54	54	0	54	0	54	0	0	0	0	0	0	0	0	0	0	0	54	42	54	0	10	0	0	0	0	54	54	54	43	43	5	54	54	54	54	54
HEMOGLOBIN MONTREAL	1	1	1	1	1	1	1	0	0	0	0	0	0	0	0	0	0	0	0	0	0	1	0	1	0	0	0	0	0	0	1	1	1	0	0	0	1	1	1	1	1
HEMOGLOBIN NIKOSIA	1	1	1	1	1	1	1	0	0	0	0	0	0	0	0	0	0	0	0	0	0	1	0	1	0	0	0	0	0	0	1	1	1	0	0	0	1	1	1	1	1
HEMOGLOBIN MANHATTAN	1	1	1	1	1	1	1	0	0	0	0	0	0	0	0	0	0	0	0	0	0	1	0	1	0	0	0	0	0	0	1	1	1	0	0	0	1	1	1	1	1
HEMOGLOBIN HAKKARI	1	1	1	1	1	1	1	0	0	0	0	0	0	0	0	0	0	0	0	0	0	1	0	1	0	0	0	0	0	0	1	1	1	0	0	0	1	1	1	1	1
"Beta-thalassemia, Ashkenazi Jewish type"	1	1	1	1	1	1	0	0	0	0	0	0	0	0	0	0	0	0	0	0	0	1	0	1	0	0	0	0	0	0	1	1	1	0	0	0	1	1	1	1	1
Beta-thalassemia dominant	2	2	2	2	2	2	2	0	0	0	0	0	0	0	0	0	0	0	0	0	0	2	1	2	0	0	0	0	0	0	2	2	2	1	1	0	2	2	2	2	2
Fetal hemoglobin quantitative trait locus 1	1	1	1	1	1	1	1	1	1	0	0	0	0	0	0	0	0	0	0	0	0	1	0	1	0	0	0	0	0	0	1	1	1	0	0	0	1	1	1	1	1
DELTA/BETA THALESSEMIA	1	1	1	1	1	1	1	0	0	0	0	0	0	0	0	0	0	0	0	0	0	1	0	1	0	0	0	0	0	0	1	1	1	0	0	0	1	1	1	1	1
"Beta-thalassemia intermedia, dominant"	1	1	1	1	1	1	0	0	0	0	0	0	0	0	0	0	0	0	0	0	0	1	1	1	0	0	0	0	0	0	1	1	1	1	1	0	1	1	1	1	1
Beta thalassemia intermedia	10	10	10	10	10	10	0	10	0	10	0	0	10	0	0	0	0	0	0	0	0	10	10	6	0	2	0	0	0	0	10	10	10	10	10	0	10	10	10	10	10
Thalassemia intermedia	1	1	1	1	1	1	0	1	0	1	0	0	0	0	0	0	1	0	0	0	0	1	0	1	0	0	0	0	0	0	1	1	1	0	0	0	1	1	1	1	1
HEMOGLOBIN HAFNIA	1	1	1	1	1	1	1	0	0	0	0	0	0	0	0	0	0	0	0	0	0	1	1	1	0	0	0	0	0	0	1	1	1	0	0	0	1	1	1	1	1
HEMOGLOBIN ISTANBUL	1	1	1	1	1	1	1	0	0	0	0	0	0	0	0	0	0	0	0	0	0	1	1	1	0	0	0	0	0	0	1	1	1	0	0	0	1	1	1	1	1
HEMOGLOBIN SAINT ETIENNE	1	1	1	1	1	1	1	0	0	0	0	0	0	0	0	0	0	0	0	0	0	1	1	1	0	0	0	0	0	0	1	1	1	0	0	0	1	1	1	1	1
HEMOGLOBIN MALMO	1	1	1	1	1	1	1	0	0	0	0	0	0	0	0	0	0	0	0	0	0	1	1	1	0	0	0	0	0	0	1	1	1	0	0	0	1	1	1	1	1
HEMOGLOBIN PRESBYTERIAN	1	1	1	1	1	1	1	0	0	0	0	0	0	0	0	0	0	0	0	0	0	1	1	1	0	0	0	0	0	0	1	1	1	0	0	0	1	1	1	1	1
HEMOGLOBIN COIMBRA	1	1	1	1	1	1	1	0	0	0	0	0	0	0	0	0	0	0	0	0	0	1	1	1	0	0	0	0	0	0	1	1	1	0	0	0	1	1	1	1	1
alpha Thalassemia	21	21	21	21	21	21	21	21	21	21	21	21	0	0	0	0	0	0	0	0	0	21	20	19	0	19	0	0	0	0	21	21	21	21	21	4	21	21	21	21	21
beta Thalassemia	52	52	52	52	52	52	52	52	52	52	0	52	0	0	0	0	0	0	0	0	0	52	52	20	0	6	0	0	0	0	52	52	52	52	52	6	52	52	52	52	52
HEMOGLOBIN AALBORG	1	1	1	1	1	1	1	0	0	0	0	0	0	0	0	0	0	0	0	0	0	1	1	1	0	0	0	0	0	0	1	1	1	1	1	0	1	1	1	1	1
HEMOGLOBIN ABRUZZO	1	1	1	1	1	1	1	0	0	0	0	0	0	0	0	0	0	0	0	0	0	1	1	1	0	0	0	0	0	0	1	1	1	1	1	0	1	1	1	1	1
HEMOGLOBIN AGENOGI	1	1	1	1	1	1	1	0	0	0	0	0	0	0	0	0	0	0	0	0	0	1	1	1	0	0	0	0	0	0	1	1	1	1	1	0	1	1	1	1	1
HEMOGLOBIN ALAMO	1	1	1	1	1	1	1	0	0	0	0	0	0	0	0	0	0	0	0	0	0	1	1	1	0	0	0	0	0	0	1	1	1	1	1	0	1	1	1	1	1
HEMOGLOBIN ALBERTA	1	1	1	1	1	1	1	0	0	0	0	0	0	0	0	0	0	0	0	0	0	1	1	1	0	0	0	0	0	0	1	1	1	1	1	0	1	1	1	1	1
HEMOGLOBIN ALTDORF	1	1	1	1	1	1	1	0	0	0	0	0	0	0	0	0	0	0	0	0	0	1	1	1	0	0	0	0	0	0	1	1	1	1	1	0	1	1	1	1	1
HEMOGLOBIN ANDREW-MINNEAPOLIS	1	1	1	1	1	1	1	0	0	0	0	0	0	0	0	0	0	0	0	0	0	1	1	1	0	0	0	0	0	0	1	1	1	1	1	0	1	1	1	1	1
HEMOGLOBIN ANKARA	1	1	1	1	1	1	1	0	0	0	0	0	0	0	0	0	0	0	0	0	0	1	1	1	0	0	0	0	0	0	1	1	1	1	1	0	1	1	1	1	1
HEMOGLOBIN ARLINGTON PARK	1	1	1	1	1	1	1	0	0	0	0	0	0	0	0	0	0	0	0	0	0	1	1	1	0	0	0	0	0	0	1	1	1	1	1	0	1	1	1	1	1
HEMOGLOBIN ATHENS-GEORGIA	1	1	1	1	1	1	1	0	0	0	0	0	0	0	0	0	0	0	0	0	0	1	1	1	0	0	0	0	0	0	1	1	1	1	1	0	1	1	1	1	1
HEMOGLOBIN ATLANTA	1	1	1	1	1	1	1	0	0	0	0	0	0	0	0	0	0	0	0	0	0	1	1	1	0	0	0	0	0	0	1	1	1	1	1	0	1	1	1	1	1
HEMOGLOBIN ATLANTA-COVENTRY	1	1	1	1	1	1	1	0	0	0	0	0	0	0	0	0	0	0	0	0	0	1	1	1	0	0	0	0	0	0	1	1	1	1	1	0	1	1	1	1	1
HEMOGLOBIN AUSTIN	1	1	1	1	1	1	1	0	0	0	0	0	0	0	0	0	0	0	0	0	0	1	1	1	0	0	0	0	0	0	1	1	1	1	1	0	1	1	1	1	1
HEMOGLOBIN AVICENNA	1	1	1	1	1	1	1	0	0	0	0	0	0	0	0	0	0	0	0	0	0	1	1	1	0	0	0	0	0	0	1	1	1	1	1	0	1	1	1	1	1
HEMOGLOBIN BARCELONA	1	1	1	1	1	1	1	0	0	0	0	0	0	0	0	0	0	0	0	0	0	1	1	1	0	0	0	0	0	0	1	1	1	1	1	0	1	1	1	1	1
HEMOGLOBIN BAYLOR	1	1	1	1	1	1	1	0	0	0	0	0	0	0	0	0	0	0	0	0	0	1	1	1	0	0	0	0	0	0	1	1	1	1	1	0	1	1	1	1	1
HEMOGLOBIN BEIRUT	1	1	1	1	1	1	1	0	0	0	0	0	0	0	0	0	0	0	0	0	0	1	1	1	0	0	0	0	0	0	1	1	1	1	1	0	1	1	1	1	1
HEMOGLOBIN BELFAST	1	1	1	1	1	1	1	0	0	0	0	0	0	0	0	0	0	0	0	0	0	1	1	1	0	0	0	0	0	0	1	1	1	1	1	0	1	1	1	1	1
HEMOGLOBIN BORAS	1	1	1	1	1	1	1	0	0	0	0	0	0	0	0	0	0	0	0	0	0	1	1	1	0	0	0	0	0	0	1	1	1	1	1	0	1	1	1	1	1
HEMOGLOBIN BOUGARDIREY-MALI	1	1	1	1	1	1	1	0	0	0	0	0	0	0	0	0	0	0	0	0	0	1	1	1	0	0	0	0	0	0	1	1	1	1	1	0	1	1	1	1	1
HEMOGLOBIN BEOGRAD	1	1	1	1	1	1	1	0	0	0	0	0	0	0	0	0	0	0	0	0	0	1	1	1	0	0	0	0	0	0	1	1	1	1	1	0	1	1	1	1	1
HEMOGLOBIN D (CAMPERDOWN)	1	1	1	1	1	1	1	0	0	0	0	0	0	0	0	0	0	0	0	0	0	1	1	1	0	0	0	0	0	0	1	1	1	1	1	0	1	1	1	1	1
HEMOGLOBIN BETH ISRAEL	1	1	1	1	1	1	1	0	0	0	0	0	0	0	0	0	0	0	0	0	0	1	1	1	0	0	0	0	0	0	1	1	1	1	1	0	1	1	1	1	1
HEMOGLOBIN BETHESDA	1	1	1	1	1	1	1	0	0	0	0	0	0	0	0	0	0	0	0	0	0	1	1	1	0	0	0	0	0	0	1	1	1	1	1	0	1	1	1	1	1
HEMOGLOBIN BICETRE	1	1	1	1	1	1	1	0	0	0	0	0	0	0	0	0	0	0	0	0	0	1	1	1	0	0	0	0	0	0	1	1	1	1	1	0	1	1	1	1	1
HEMOGLOBIN BOLOGNA	1	1	1	1	1	1	1	0	0	0	0	0	0	0	0	0	0	0	0	0	0	1	1	1	0	0	0	0	0	0	1	1	1	1	1	0	1	1	1	1	1
HEMOGLOBIN BREST	1	1	1	1	1	1	1	0	0	0	0	0	0	0	0	0	0	0	0	0	0	1	1	1	0	0	0	0	0	0	1	1	1	1	1	0	1	1	1	1	1
HEMOGLOBIN BRIGHAM	1	1	1	1	1	1	1	0	0	0	0	0	0	0	0	0	0	0	0	0	0	1	1	1	0	0	0	0	0	0	1	1	1	1	1	0	1	1	1	1	1
HEMOGLOBIN BRISBANE	1	1	1	1	1	1	1	0	0	0	0	0	0	0	0	0	0	0	0	0	0	1	1	1	0	0	0	0	0	0	1	1	1	1	1	0	1	1	1	1	1
HEMOGLOBIN GREAT LAKES	1	1	1	1	1	1	1	0	0	0	0	0	0	0	0	0	0	0	0	0	0	1	1	1	0	0	0	0	0	0	1	1	1	1	1	0	1	1	1	1	1
HEMOGLOBIN BRITISH COLUMBIA	1	1	1	1	1	1	1	0	0	0	0	0	0	0	0	0	0	0	0	0	0	1	1	1	0	0	0	0	0	0	1	1	1	1	1	0	1	1	1	1	1
HEMOGLOBIN BROCKTON	1	1	1	1	1	1	1	0	0	0	0	0	0	0	0	0	0	0	0	0	0	1	1	1	0	0	0	0	0	0	1	1	1	1	1	0	1	1	1	1	1
HEMOGLOBIN BRISTOL	1	1	1	1	1	1	1	0	0	0	0	0	0	0	0	0	0	0	0	0	0	1	1	1	0	0	0	0	0	0	1	1	1	1	1	0	1	1	1	1	1
HEMOGLOBIN BRUXELLES	1	1	1	1	1	1	1	0	0	0	0	0	0	0	0	0	0	0	0	0	0	1	1	1	0	0	0	0	0	0	1	1	1	1	1	0	1	1	1	1	1
Heinz body hemolytic anemia	6	6	6	6	6	6	0	0	0	0	0	0	0	0	0	0	0	0	0	0	0	6	6	6	0	0	0	0	0	0	6	6	6	6	6	0	6	6	6	6	6
HEMOGLOBIN BRYN MAWR	1	1	1	1	1	1	1	0	0	0	0	0	0	0	0	0	0	0	0	0	0	1	1	1	0	0	0	0	0	0	1	1	1	1	1	0	1	1	1	1	1
HEMOGLOBIN BUENOS AIRES	1	1	1	1	1	1	1	0	0	0	0	0	0	0	0	0	0	0	0	0	0	1	1	1	0	0	0	0	0	0	1	1	1	1	1	0	1	1	1	1	1
HEMOGLOBIN BUNBURY	1	1	1	1	1	1	1	0	0	0	0	0	0	0	0	0	0	0	0	0	0	1	1	1	0	0	0	0	0	0	1	1	1	1	1	0	1	1	1	1	1
HEMOGLOBIN BURKE	1	1	1	1	1	1	1	0	0	0	0	0	0	0	0	0	0	0	0	0	0	1	1	1	0	0	0	0	0	0	1	1	1	1	1	0	1	1	1	1	1
HEMOGLOBIN BUSHWICK	1	1	1	1	1	1	1	0	0	0	0	0	0	0	0	0	0	0	0	0	0	1	1	1	0	0	0	0	0	0	1	1	1	1	1	0	1	1	1	1	1
HEMOGLOBIN C	1	1	1	1	1	1	1	0	0	0	0	0	0	0	0	0	0	0	0	0	0	1	1	1	0	0	0	0	0	0	1	1	1	1	1	0	1	1	1	1	1
"Malaria, resistance to"	3	3	3	3	3	3	0	3	0	0	0	0	0	0	0	0	0	0	0	0	0	3	3	3	0	0	0	0	0	0	3	3	3	3	3	0	3	3	3	3	3
HEMOGLOBIN CAMPERDOWN	1	1	1	1	1	1	1	0	0	0	0	0	0	0	0	0	0	0	0	0	0	1	1	1	0	0	0	0	0	0	1	1	1	1	1	0	1	1	1	1	1
HEMOGLOBIN CARIBBEAN	1	1	1	1	1	1	1	0	0	0	0	0	0	0	0	0	0	0	0	0	0	1	1	1	0	0	0	0	0	0	1	1	1	1	1	0	1	1	1	1	1
HEMOGLOBIN CASTILLA	1	1	1	1	1	1	1	0	0	0	0	0	0	0	0	0	0	0	0	0	0	1	1	1	0	0	0	0	0	0	1	1	1	1	1	0	1	1	1	1	1
HEMOGLOBIN CHANDIGARH	1	1	1	1	1	1	1	0	0	0	0	0	0	0	0	0	0	0	0	0	0	1	1	1	0	0	0	0	0	0	1	1	1	1	1	0	1	1	1	1	1
HEMOGLOBIN CHEMILLY	1	1	1	1	1	1	1	0	0	0	0	0	0	0	0	0	0	0	0	0	0	1	1	1	0	0	0	0	0	0	1	1	1	1	1	0	1	1	1	1	1
HEMOGLOBIN CHEVERLY	1	1	1	1	1	1	1	0	0	0	0	0	0	0	0	0	0	0	0	0	0	1	1	1	0	0	0	0	0	0	1	1	1	1	1	0	1	1	1	1	1
HEMOGLOBIN CHICO	1	1	1	1	1	1	1	0	0	0	0	0	0	0	0	0	0	0	0	0	0	1	1	1	0	0	0	0	0	0	1	1	1	1	1	0	1	1	1	1	1
HEMOGLOBIN CHRISTCHURCH	1	1	1	1	1	1	1	0	0	0	0	0	0	0	0	0	0	0	0	0	0	1	1	1	0	0	0	0	0	0	1	1	1	1	1	0	1	1	1	1	1
HEMOGLOBIN CITY OF HOPE	1	1	1	1	1	1	1	0	0	0	0	0	0	0	0	0	0	0	0	0	0	1	1	1	0	0	0	0	0	0	1	1	1	1	1	0	1	1	1	1	1
HEMOGLOBIN COCHIN-PORT ROYAL	1	1	1	1	1	1	1	0	0	0	0	0	0	0	0	0	0	0	0	0	0	1	1	1	0	0	0	0	0	0	1	1	1	1	1	0	1	1	1	1	1
HEMOGLOBIN COCODY	1	1	1	1	1	1	1	0	0	0	0	0	0	0	0	0	0	0	0	0	0	1	1	1	0	0	0	0	0	0	1	1	1	1	1	0	1	1	1	1	1
HEMOGLOBIN COLLINGWOOD	1	1	1	1	1	1	1	0	0	0	0	0	0	0	0	0	0	0	0	0	0	1	1	1	0	0	0	0	0	0	1	1	1	1	1	0	1	1	1	1	1
HEMOGLOBIN CONNECTICUT	1	1	1	1	1	1	1	0	0	0	0	0	0	0	0	0	0	0	0	0	0	1	1	1	0	0	0	0	0	0	1	1	1	1	1	0	1	1	1	1	1
HEMOGLOBIN COVENTRY	1	1	1	1	1	1	1	0	0	0	0	0	0	0	0	0	0	0	0	0	0	1	1	1	0	0	0	0	0	0	1	1	1	1	1	0	1	1	1	1	1
HEMOGLOBIN COWTOWN	1	1	1	1	1	1	1	0	0	0	0	0	0	0	0	0	0	0	0	0	0	1	1	1	0	0	0	0	0	0	1	1	1	1	1	0	1	1	1	1	1
HEMOGLOBIN CRANSTON	1	1	1	1	1	1	1	0	0	0	0	0	0	0	0	0	0	0	0	0	0	1	1	1	0	0	0	0	0	0	1	1	1	1	1	0	1	1	1	1	1
HEMOGLOBIN CRETE	1	1	1	1	1	1	1	0	0	0	0	0	0	0	0	0	0	0	0	0	0	1	1	1	0	0	0	0	0	0	1	1	1	1	1	0	1	1	1	1	1
HEMOGLOBIN CRETEIL	1	1	1	1	1	1	1	0	0	0	0	0	0	0	0	0	0	0	0	0	0	1	1	1	0	0	0	0	0	0	1	1	1	1	1	0	1	1	1	1	1
HEMOGLOBIN D (BUSHMAN)	1	1	1	1	1	1	1	0	0	0	0	0	0	0	0	0	0	0	0	0	0	1	1	1	0	0	0	0	0	0	1	1	1	1	1	0	1	1	1	1	1
HEMOGLOBIN D (GRANADA)	1	1	1	1	1	1	1	0	0	0	0	0	0	0	0	0	0	0	0	0	0	1	1	1	0	0	0	0	0	0	1	1	1	1	1	0	1	1	1	1	1
HEMOGLOBIN D (IBADAN)	1	1	1	1	1	1	1	0	0	0	0	0	0	0	0	0	0	0	0	0	0	1	1	1	0	0	0	0	0	0	1	1	1	1	1	0	1	1	1	1	1
HEMOGLOBIN D (IRAN)	1	1	1	1	1	1	1	0	0	0	0	0	0	0	0	0	0	0	0	0	0	1	1	1	0	0	0	0	0	0	1	1	1	1	1	0	1	1	1	1	1
Hb D-Los Angeles	1	1	1	1	1	1	1	0	0	0	0	0	0	0	0	0	0	0	0	0	0	1	1	1	0	0	0	0	0	0	1	1	1	1	1	0	1	1	1	1	1
HEMOGLOBIN D (OULED RABAH)	1	1	1	1	1	1	1	0	0	0	0	0	0	0	0	0	0	0	0	0	0	1	1	1	0	0	0	0	0	0	1	1	1	1	1	0	1	1	1	1	1
HEMOGLOBIN DEER LODGE	1	1	1	1	1	1	1	0	0	0	0	0	0	0	0	0	0	0	0	0	0	1	1	1	0	0	0	0	0	0	1	1	1	1	1	0	1	1	1	1	1
HEMOGLOBIN DETROIT	1	1	1	1	1	1	1	0	0	0	0	0	0	0	0	0	0	0	0	0	0	1	1	1	0	0	0	0	0	0	1	1	1	1	1	0	1	1	1	1	1
HEMOGLOBIN DJELFA	1	1	1	1	1	1	1	0	0	0	0	0	0	0	0	0	0	0	0	0	0	1	1	1	0	0	0	0	0	0	1	1	1	1	1	0	1	1	1	1	1
HEMOGLOBIN DOHA	1	1	1	1	1	1	1	0	0	0	0	0	0	0	0	0	0	0	0	0	0	1	1	1	0	0	0	0	0	0	1	1	1	1	1	0	1	1	1	1	1
HEMOGLOBIN DUARTE	1	1	1	1	1	1	1	0	0	0	0	0	0	0	0	0	0	0	0	0	0	1	1	1	0	0	0	0	0	0	1	1	1	1	1	0	1	1	1	1	1
Hemoglobin E	1	1	1	1	1	1	0	1	0	1	0	0	0	0	0	0	1	0	0	0	0	1	1	1	0	0	0	0	0	0	1	1	1	1	1	0	1	1	1	1	1
Beta-e-thalassemia	1	1	1	1	1	1	0	0	0	0	0	0	0	0	0	0	0	0	0	0	0	1	1	1	0	0	0	0	0	0	1	1	1	1	1	0	1	1	1	1	1
HEMOGLOBIN E (SASKATOON)	1	1	1	1	1	1	1	0	0	0	0	0	0	0	0	0	0	0	0	0	0	1	1	1	0	0	0	0	0	0	1	1	1	1	1	0	1	1	1	1	1
HEMOGLOBIN EXTREMADURA	1	1	1	1	1	1	1	0	0	0	0	0	0	0	0	0	0	0	0	0	0	1	1	1	0	0	0	0	0	0	1	1	1	1	1	0	1	1	1	1	1
HEMOGLOBIN FANNIN-LUBBOCK	1	1	1	1	1	1	1	0	0	0	0	0	0	0	0	0	0	0	0	0	0	1	1	1	0	0	0	0	0	0	1	1	1	1	1	0	1	1	1	1	1
HEMOGLOBIN FREIBURG	1	1	1	1	1	1	1	0	0	0	0	0	0	0	0	0	0	0	0	0	0	1	1	1	0	0	0	0	0	0	1	1	1	1	1	0	1	1	1	1	1
HEMOGLOBIN M (FREIBURG)	1	1	1	1	1	1	1	0	0	0	0	0	0	0	0	0	0	0	0	0	0	1	1	1	0	0	0	0	0	0	1	1	1	1	1	0	1	1	1	1	1
HEMOGLOBIN FUKUOKA	1	1	1	1	1	1	1	0	0	0	0	0	0	0	0	0	0	0	0	0	0	1	1	1	0	0	0	0	0	0	1	1	1	1	1	0	1	1	1	1	1
HEMOGLOBIN FUKUYAMA	1	1	1	1	1	1	1	0	0	0	0	0	0	0	0	0	0	0	0	0	0	1	1	1	0	0	0	0	0	0	1	1	1	1	1	0	1	1	1	1	1
HEMOGLOBIN G (ACCRA)	1	1	1	1	1	1	1	0	0	0	0	0	0	0	0	0	0	0	0	0	0	1	1	1	0	0	0	0	0	0	1	1	1	1	1	0	1	1	1	1	1
HEMOGLOBIN G (COPENHAGEN)	1	1	1	1	1	1	1	0	0	0	0	0	0	0	0	0	0	0	0	0	0	1	1	1	0	0	0	0	0	0	1	1	1	1	1	0	1	1	1	1	1
HEMOGLOBIN G (COUSHATTA)	1	1	1	1	1	1	1	0	0	0	0	0	0	0	0	0	0	0	0	0	0	1	1	1	0	0	0	0	0	0	1	1	1	1	1	0	1	1	1	1	1
HEMOGLOBIN G (SASKATOON)	1	1	1	1	1	1	1	0	0	0	0	0	0	0	0	0	0	0	0	0	0	1	1	1	0	0	0	0	0	0	1	1	1	1	1	0	1	1	1	1	1
HEMOGLOBIN G (HSIN-CHU)	1	1	1	1	1	1	1	0	0	0	0	0	0	0	0	0	0	0	0	0	0	1	1	1	0	0	0	0	0	0	1	1	1	1	1	0	1	1	1	1	1
HEMOGLOBIN G (TAEGU)	1	1	1	1	1	1	1	0	0	0	0	0	0	0	0	0	0	0	0	0	0	1	1	1	0	0	0	0	0	0	1	1	1	1	1	0	1	1	1	1	1
HEMOGLOBIN G (FERRARA)	1	1	1	1	1	1	1	0	0	0	0	0	0	0	0	0	0	0	0	0	0	1	1	1	0	0	0	0	0	0	1	1	1	1	1	0	1	1	1	1	1
HEMOGLOBIN G (GALVESTON)	1	1	1	1	1	1	1	0	0	0	0	0	0	0	0	0	0	0	0	0	0	1	1	1	0	0	0	0	0	0	1	1	1	1	1	0	1	1	1	1	1
HEMOGLOBIN G (PORT ARTHUR)	1	1	1	1	1	1	1	0	0	0	0	0	0	0	0	0	0	0	0	0	0	1	1	1	0	0	0	0	0	0	1	1	1	1	1	0	1	1	1	1	1
HEMOGLOBIN G (TEXAS)	1	1	1	1	1	1	1	0	0	0	0	0	0	0	0	0	0	0	0	0	0	1	1	1	0	0	0	0	0	0	1	1	1	1	1	0	1	1	1	1	1
HEMOGLOBIN G (HSI-TSOU)	1	1	1	1	1	1	1	0	0	0	0	0	0	0	0	0	0	0	0	0	0	1	1	1	0	0	0	0	0	0	1	1	1	1	1	0	1	1	1	1	1
HEMOGLOBIN G (MAKASSAR)	1	1	1	1	1	1	1	0	0	0	0	0	0	0	0	0	0	0	0	0	0	1	1	1	0	0	0	0	0	0	1	1	1	1	1	0	1	1	1	1	1
HEMOGLOBIN G (SAN JOSE)	1	1	1	1	1	1	1	0	0	0	0	0	0	0	0	0	0	0	0	0	0	1	1	1	0	0	0	0	0	0	1	1	1	1	1	0	1	1	1	1	1
HEMOGLOBIN G (SZUHU)	1	1	1	1	1	1	1	0	0	0	0	0	0	0	0	0	0	0	0	0	0	1	1	1	0	0	0	0	0	0	1	1	1	1	1	0	1	1	1	1	1
HEMOGLOBIN GIFU	1	1	1	1	1	1	1	0	0	0	0	0	0	0	0	0	0	0	0	0	0	1	1	1	0	0	0	0	0	0	1	1	1	1	1	0	1	1	1	1	1
HEMOGLOBIN G (TAIPEI)	1	1	1	1	1	1	1	0	0	0	0	0	0	0	0	0	0	0	0	0	0	1	1	1	0	0	0	0	0	0	1	1	1	1	1	0	1	1	1	1	1
HEMOGLOBIN G (TAIWAN-AMI)	1	1	1	1	1	1	1	0	0	0	0	0	0	0	0	0	0	0	0	0	0	1	1	1	0	0	0	0	0	0	1	1	1	1	1	0	1	1	1	1	1
HEMOGLOBIN GAINESVILLE-GA	1	1	1	1	1	1	1	0	0	0	0	0	0	0	0	0	0	0	0	0	0	1	1	1	0	0	0	0	0	0	1	1	1	1	1	0	1	1	1	1	1
HEMOGLOBIN GAVELLO	1	1	1	1	1	1	1	0	0	0	0	0	0	0	0	0	0	0	0	0	0	1	1	1	0	0	0	0	0	0	1	1	1	1	1	0	1	1	1	1	1
HEMOGLOBIN GEELONG	1	1	1	1	1	1	1	0	0	0	0	0	0	0	0	0	0	0	0	0	0	1	1	1	0	0	0	0	0	0	1	1	1	1	1	0	1	1	1	1	1
HEMOGLOBIN JINAN	1	1	1	1	1	1	1	0	0	0	0	0	0	0	0	0	0	0	0	0	0	1	1	1	0	0	0	0	0	0	1	1	1	1	1	0	1	1	1	1	1
HEMOGLOBIN GENOVA	1	1	1	1	1	1	1	0	0	0	0	0	0	0	0	0	0	0	0	0	0	1	1	1	0	0	0	0	0	0	1	1	1	1	1	0	1	1	1	1	1
HEMOGLOBIN HYOGO	1	1	1	1	1	1	1	0	0	0	0	0	0	0	0	0	0	0	0	0	0	1	1	1	0	0	0	0	0	0	1	1	1	1	1	0	1	1	1	1	1
HEMOGLOBIN GRANGE-BLANCHE	1	1	1	1	1	1	1	0	0	0	0	0	0	0	0	0	0	0	0	0	0	1	1	1	0	0	0	0	0	0	1	1	1	1	1	0	1	1	1	1	1
HEMOGLOBIN GUN HILL	1	1	1	1	1	1	1	0	0	0	0	0	0	0	0	0	0	0	0	0	0	1	1	1	0	0	0	0	0	0	1	1	1	1	1	0	1	1	1	1	1
HEMOGLOBIN HACETTEPE	1	1	1	1	1	1	1	0	0	0	0	0	0	0	0	0	0	0	0	0	0	1	1	1	0	0	0	0	0	0	1	1	1	1	1	0	1	1	1	1	1
HEMOGLOBIN COMPLUTENSE	1	1	1	1	1	1	1	0	0	0	0	0	0	0	0	0	0	0	0	0	0	1	1	1	0	0	0	0	0	0	1	1	1	1	1	0	1	1	1	1	1
HEMOGLOBIN HAMADAN	1	1	1	1	1	1	1	0	0	0	0	0	0	0	0	0	0	0	0	0	0	1	1	1	0	0	0	0	0	0	1	1	1	1	1	0	1	1	1	1	1
HEMOGLOBIN HAMILTON	1	1	1	1	1	1	1	0	0	0	0	0	0	0	0	0	0	0	0	0	0	1	1	1	0	0	0	0	0	0	1	1	1	1	1	0	1	1	1	1	1
HEMOGLOBIN HAMMERSMITH	1	1	1	1	1	1	1	0	0	0	0	0	0	0	0	0	0	0	0	0	0	1	1	1	0	0	0	0	0	0	1	1	1	1	1	0	1	1	1	1	1
HEMOGLOBIN CHIBA	1	1	1	1	1	1	1	0	0	0	0	0	0	0	0	0	0	0	0	0	0	1	1	1	0	0	0	0	0	0	1	1	1	1	1	0	1	1	1	1	1
HEMOGLOBIN HAZEBROUCK	1	1	1	1	1	1	1	0	0	0	0	0	0	0	0	0	0	0	0	0	0	1	1	1	0	0	0	0	0	0	1	1	1	1	1	0	1	1	1	1	1
HEMOGLOBIN HEATHROW	1	1	1	1	1	1	1	0	0	0	0	0	0	0	0	0	0	0	0	0	0	1	1	1	0	0	0	0	0	0	1	1	1	1	1	0	1	1	1	1	1
HEMOGLOBIN HELSINKI	1	1	1	1	1	1	1	0	0	0	0	0	0	0	0	0	0	0	0	0	0	1	1	1	0	0	0	0	0	0	1	1	1	1	1	0	1	1	1	1	1
HEMOGLOBIN HENRI MONDOR	1	1	1	1	1	1	1	0	0	0	0	0	0	0	0	0	0	0	0	0	0	1	1	1	0	0	0	0	0	0	1	1	1	1	1	0	1	1	1	1	1
HEMOGLOBIN HIJIYAMA	1	1	1	1	1	1	1	0	0	0	0	0	0	0	0	0	0	0	0	0	0	1	1	1	0	0	0	0	0	0	1	1	1	1	1	0	1	1	1	1	1
HEMOGLOBIN HIKARI	1	1	1	1	1	1	1	0	0	0	0	0	0	0	0	0	0	0	0	0	0	1	1	1	0	0	0	0	0	0	1	1	1	1	1	0	1	1	1	1	1
HEMOGLOBIN HIMEJI	1	1	1	1	1	1	1	0	0	0	0	0	0	0	0	0	0	0	0	0	0	1	1	1	0	0	0	0	0	0	1	1	1	1	1	0	1	1	1	1	1
HEMOGLOBIN HINSDALE	1	1	1	1	1	1	1	0	0	0	0	0	0	0	0	0	0	0	0	0	0	1	1	1	0	0	0	0	0	0	1	1	1	1	1	0	1	1	1	1	1
HEMOGLOBIN HIROSE	1	1	1	1	1	1	1	0	0	0	0	0	0	0	0	0	0	0	0	0	0	1	1	1	0	0	0	0	0	0	1	1	1	1	1	0	1	1	1	1	1
HEMOGLOBIN HIROSHIMA	1	1	1	1	1	1	1	0	0	0	0	0	0	0	0	0	0	0	0	0	0	1	1	1	0	0	0	0	0	0	1	1	1	1	1	0	1	1	1	1	1
HEMOGLOBIN HOFU	1	1	1	1	1	1	1	0	0	0	0	0	0	0	0	0	0	0	0	0	0	1	1	1	0	0	0	0	0	0	1	1	1	1	1	0	1	1	1	1	1
HEMOGLOBIN HOPE	1	1	1	1	1	1	1	0	0	0	0	0	0	0	0	0	0	0	0	0	0	1	1	1	0	0	0	0	0	0	1	1	1	1	1	0	1	1	1	1	1
HEMOGLOBIN HOSHIDA	1	1	1	1	1	1	1	0	0	0	0	0	0	0	0	0	0	0	0	0	0	1	1	1	0	0	0	0	0	0	1	1	1	1	1	0	1	1	1	1	1
HEMOGLOBIN CHAYA	1	1	1	1	1	1	1	0	0	0	0	0	0	0	0	0	0	0	0	0	0	1	1	1	0	0	0	0	0	0	1	1	1	1	1	0	1	1	1	1	1
HEMOGLOBIN HOTEL-DIEU	1	1	1	1	1	1	1	0	0	0	0	0	0	0	0	0	0	0	0	0	0	1	1	1	0	0	0	0	0	0	1	1	1	1	1	0	1	1	1	1	1
HEMOGLOBIN I (HIGH WYCOMBE)	1	1	1	1	1	1	1	0	0	0	0	0	0	0	0	0	0	0	0	0	0	1	1	1	0	0	0	0	0	0	1	1	1	1	1	0	1	1	1	1	1
HEMOGLOBIN I (TOULOUSE)	1	1	1	1	1	1	1	0	0	0	0	0	0	0	0	0	0	0	0	0	0	1	1	1	0	0	0	0	0	0	1	1	1	1	1	0	1	1	1	1	1
HEMOGLOBIN TOULOUSE	1	1	1	1	1	1	1	0	0	0	0	0	0	0	0	0	0	0	0	0	0	1	1	1	0	0	0	0	0	0	1	1	1	1	1	0	1	1	1	1	1
HEMOGLOBIN INDIANAPOLIS	1	1	1	1	1	1	1	0	0	0	0	0	0	0	0	0	0	0	0	0	0	1	1	1	0	0	0	0	0	0	1	1	1	1	1	0	1	1	1	1	1
HEMOGLOBIN J (ALTGELD GARDENS)	1	1	1	1	1	1	1	0	0	0	0	0	0	0	0	0	0	0	0	0	0	1	1	1	0	0	0	0	0	0	1	1	1	1	1	0	1	1	1	1	1
HEMOGLOBIN J (AMIENS)	1	1	1	1	1	1	1	0	0	0	0	0	0	0	0	0	0	0	0	0	0	1	1	1	0	0	0	0	0	0	1	1	1	1	1	0	1	1	1	1	1
HEMOGLOBIN J (ANTAKYA)	1	1	1	1	1	1	1	0	0	0	0	0	0	0	0	0	0	0	0	0	0	1	1	1	0	0	0	0	0	0	1	1	1	1	1	0	1	1	1	1	1
HEMOGLOBIN J (AUCKLAND)	1	1	1	1	1	1	1	0	0	0	0	0	0	0	0	0	0	0	0	0	0	1	1	1	0	0	0	0	0	0	1	1	1	1	1	0	1	1	1	1	1
HEMOGLOBIN J (BALTIMORE)	1	1	1	1	1	1	1	0	0	0	0	0	0	0	0	0	0	0	0	0	0	1	1	1	0	0	0	0	0	0	1	1	1	1	1	0	1	1	1	1	1
HEMOGLOBIN J (BANGKOK)	1	1	1	1	1	1	1	0	0	0	0	0	0	0	0	0	0	0	0	0	0	1	1	1	0	0	0	0	0	0	1	1	1	1	1	0	1	1	1	1	1
HEMOGLOBIN J (KORAT)	1	1	1	1	1	1	1	0	0	0	0	0	0	0	0	0	0	0	0	0	0	1	1	1	0	0	0	0	0	0	1	1	1	1	1	0	1	1	1	1	1
HEMOGLOBIN J (MANADO)	1	1	1	1	1	1	1	0	0	0	0	0	0	0	0	0	0	0	0	0	0	1	1	1	0	0	0	0	0	0	1	1	1	1	1	0	1	1	1	1	1
HEMOGLOBIN J (MEINUNG)	1	1	1	1	1	1	1	0	0	0	0	0	0	0	0	0	0	0	0	0	0	1	1	1	0	0	0	0	0	0	1	1	1	1	1	0	1	1	1	1	1
HEMOGLOBIN J (CAIRO)	1	1	1	1	1	1	1	0	0	0	0	0	0	0	0	0	0	0	0	0	0	1	1	1	0	0	0	0	0	0	1	1	1	1	1	0	1	1	1	1	1
HEMOGLOBIN J (CALABRIA)	1	1	1	1	1	1	1	0	0	0	0	0	0	0	0	0	0	0	0	0	0	1	1	1	0	0	0	0	0	0	1	1	1	1	1	0	1	1	1	1	1
HEMOGLOBIN J (COSENZA)	1	1	1	1	1	1	1	0	0	0	0	0	0	0	0	0	0	0	0	0	0	1	1	1	0	0	0	0	0	0	1	1	1	1	1	0	1	1	1	1	1
HEMOGLOBIN J (BARI)	1	1	1	1	1	1	1	0	0	0	0	0	0	0	0	0	0	0	0	0	0	1	1	1	0	0	0	0	0	0	1	1	1	1	1	0	1	1	1	1	1
HEMOGLOBIN J (CHICAGO)	1	1	1	1	1	1	1	0	0	0	0	0	0	0	0	0	0	0	0	0	0	1	1	1	0	0	0	0	0	0	1	1	1	1	1	0	1	1	1	1	1
HEMOGLOBIN J (CORDOBA)	1	1	1	1	1	1	1	0	0	0	0	0	0	0	0	0	0	0	0	0	0	1	1	1	0	0	0	0	0	0	1	1	1	1	1	0	1	1	1	1	1
HEMOGLOBIN J (DALOA)	1	1	1	1	1	1	1	0	0	0	0	0	0	0	0	0	0	0	0	0	0	1	1	1	0	0	0	0	0	0	1	1	1	1	1	0	1	1	1	1	1
HEMOGLOBIN J (GUANTANAMO)	1	1	1	1	1	1	1	0	0	0	0	0	0	0	0	0	0	0	0	0	0	1	1	1	0	0	0	0	0	0	1	1	1	1	1	0	1	1	1	1	1
HEMOGLOBIN J (IRAN)	1	1	1	1	1	1	1	0	0	0	0	0	0	0	0	0	0	0	0	0	0	1	1	1	0	0	0	0	0	0	1	1	1	1	1	0	1	1	1	1	1
HEMOGLOBIN J (KAOHSIUNG)	1	1	1	1	1	1	1	0	0	0	0	0	0	0	0	0	0	0	0	0	0	1	1	1	0	0	0	0	0	0	1	1	1	1	1	0	1	1	1	1	1
HEMOGLOBIN J (HONOLULU)	1	1	1	1	1	1	1	0	0	0	0	0	0	0	0	0	0	0	0	0	0	1	1	1	0	0	0	0	0	0	1	1	1	1	1	0	1	1	1	1	1
HEMOGLOBIN J (LENS)	1	1	1	1	1	1	1	0	0	0	0	0	0	0	0	0	0	0	0	0	0	1	1	1	0	0	0	0	0	0	1	1	1	1	1	0	1	1	1	1	1
HEMOGLOBIN J (LOME)	1	1	1	1	1	1	1	0	0	0	0	0	0	0	0	0	0	0	0	0	0	1	1	1	0	0	0	0	0	0	1	1	1	1	1	0	1	1	1	1	1
HEMOGLOBIN J (LUHE)	1	1	1	1	1	1	1	0	0	0	0	0	0	0	0	0	0	0	0	0	0	1	1	1	0	0	0	0	0	0	1	1	1	1	1	0	1	1	1	1	1
HEMOGLOBIN J (RAMBAM)	1	1	1	1	1	1	1	0	0	0	0	0	0	0	0	0	0	0	0	0	0	1	1	1	0	0	0	0	0	0	1	1	1	1	1	0	1	1	1	1	1
HEMOGLOBIN J (CAMBRIDGE)	1	1	1	1	1	1	1	0	0	0	0	0	0	0	0	0	0	0	0	0	0	1	1	1	0	0	0	0	0	0	1	1	1	1	1	0	1	1	1	1	1
HEMOGLOBIN J (SICILIA)	1	1	1	1	1	1	1	0	0	0	0	0	0	0	0	0	0	0	0	0	0	1	1	1	0	0	0	0	0	0	1	1	1	1	1	0	1	1	1	1	1
HEMOGLOBIN J (TAICHUNG)	1	1	1	1	1	1	1	0	0	0	0	0	0	0	0	0	0	0	0	0	0	1	1	1	0	0	0	0	0	0	1	1	1	1	1	0	1	1	1	1	1
HEMOGLOBIN JIANGHUA	1	1	1	1	1	1	1	0	0	0	0	0	0	0	0	0	0	0	0	0	0	1	1	1	0	0	0	0	0	0	1	1	1	1	1	0	1	1	1	1	1
HEMOGLOBIN JOHNSTOWN	1	1	1	1	1	1	1	0	0	0	0	0	0	0	0	0	0	0	0	0	0	1	1	1	0	0	0	0	0	0	1	1	1	1	1	0	1	1	1	1	1
HEMOGLOBIN K (CAMEROON)	1	1	1	1	1	1	1	0	0	0	0	0	0	0	0	0	0	0	0	0	0	1	1	1	0	0	0	0	0	0	1	1	1	1	1	0	1	1	1	1	1
HEMOGLOBIN K (IBADAN)	1	1	1	1	1	1	1	0	0	0	0	0	0	0	0	0	0	0	0	0	0	1	1	1	0	0	0	0	0	0	1	1	1	1	1	0	1	1	1	1	1
HEMOGLOBIN K (WOOLWICH)	1	1	1	1	1	1	1	0	0	0	0	0	0	0	0	0	0	0	0	0	0	1	1	1	0	0	0	0	0	0	1	1	1	1	1	0	1	1	1	1	1
HEMOGLOBIN KANSAS	1	1	1	1	1	1	1	0	0	0	0	0	0	0	0	0	0	0	0	0	0	1	1	1	0	0	0	0	0	0	1	1	1	1	1	0	1	1	1	1	1
HEMOGLOBIN REISSMANN ET AL.	1	1	1	1	1	1	1	0	0	0	0	0	0	0	0	0	0	0	0	0	0	1	1	1	0	0	0	0	0	0	1	1	1	1	1	0	1	1	1	1	1
HEMOGLOBIN KEMPSEY	1	1	1	1	1	1	1	0	0	0	0	0	0	0	0	0	0	0	0	0	0	1	1	1	0	0	0	0	0	0	1	1	1	1	1	0	1	1	1	1	1
HEMOGLOBIN KENITRA	1	1	1	1	1	1	1	0	0	0	0	0	0	0	0	0	0	0	0	0	0	1	1	1	0	0	0	0	0	0	1	1	1	1	1	0	1	1	1	1	1
HEMOGLOBIN KHARTOUM	1	1	1	1	1	1	1	0	0	0	0	0	0	0	0	0	0	0	0	0	0	1	1	1	0	0	0	0	0	0	1	1	1	1	1	0	1	1	1	1	1
HEMOGLOBIN KNOSSOS	1	1	1	1	1	1	1	0	0	0	0	0	0	0	0	0	0	0	0	0	0	1	1	1	0	0	0	0	0	0	1	1	1	1	1	0	1	1	1	1	1
Beta-knossos-thalassemia	1	1	1	1	1	1	0	0	0	0	0	0	0	0	0	0	0	0	0	0	0	1	1	1	0	0	0	0	0	0	1	1	1	1	1	0	1	1	1	1	1
HEMOGLOBIN KOFU	1	1	1	1	1	1	1	0	0	0	0	0	0	0	0	0	0	0	0	0	0	1	1	1	0	0	0	0	0	0	1	1	1	1	1	0	1	1	1	1	1
HEMOGLOBIN KOLN	1	1	1	1	1	1	1	0	0	0	0	0	0	0	0	0	0	0	0	0	0	1	1	1	0	0	0	0	0	0	1	1	1	1	1	0	1	1	1	1	1
HEMOGLOBIN UBE-1	1	1	1	1	1	1	1	0	0	0	0	0	0	0	0	0	0	0	0	0	0	1	1	1	0	0	0	0	0	0	1	1	1	1	1	0	1	1	1	1	1
HEMOGLOBIN SAN FRANCISCO (PACIFIC)	1	1	1	1	1	1	1	0	0	0	0	0	0	0	0	0	0	0	0	0	0	1	1	1	0	0	0	0	0	0	1	1	1	1	1	0	1	1	1	1	1
HEMOGLOBIN MACHIDA	1	1	1	1	1	1	1	0	0	0	0	0	0	0	0	0	0	0	0	0	0	1	1	1	0	0	0	0	0	0	1	1	1	1	1	0	1	1	1	1	1
HEMOGLOBIN KORLE-BU	1	1	1	1	1	1	1	0	0	0	0	0	0	0	0	0	0	0	0	0	0	1	1	1	0	0	0	0	0	0	1	1	1	1	1	0	1	1	1	1	1
HEMOGLOBIN LA DESIRADE	1	1	1	1	1	1	1	0	0	0	0	0	0	0	0	0	0	0	0	0	0	1	1	1	0	0	0	0	0	0	1	1	1	1	1	0	1	1	1	1	1
HEMOGLOBIN LAS PALMAS	1	1	1	1	1	1	1	0	0	0	0	0	0	0	0	0	0	0	0	0	0	1	1	1	0	0	0	0	0	0	1	1	1	1	1	0	1	1	1	1	1
HEMOGLOBIN LEIDEN	1	1	1	1	1	1	1	0	0	0	0	0	0	0	0	0	0	0	0	0	0	1	1	1	0	0	0	0	0	0	1	1	1	1	1	0	1	1	1	1	1
HEMOGLOBIN LINKOPING	1	1	1	1	1	1	1	0	0	0	0	0	0	0	0	0	0	0	0	0	0	1	1	1	0	0	0	0	0	0	1	1	1	1	1	0	1	1	1	1	1
HEMOGLOBIN MEILAHTI	1	1	1	1	1	1	1	0	0	0	0	0	0	0	0	0	0	0	0	0	0	1	1	1	0	0	0	0	0	0	1	1	1	1	1	0	1	1	1	1	1
Hemolytic anemia	1	1	1	1	1	1	0	0	0	0	0	0	0	0	0	0	0	0	0	0	0	1	1	1	0	0	0	0	0	0	1	1	1	1	1	0	1	1	1	1	1
HEMOGLOBIN LUFKIN	1	1	1	1	1	1	1	0	0	0	0	0	0	0	0	0	0	0	0	0	0	1	1	1	0	0	0	0	0	0	1	1	1	1	1	0	1	1	1	1	1
HEMOGLOBIN LYON	1	1	1	1	1	1	1	0	0	0	0	0	0	0	0	0	0	0	0	0	0	1	1	1	0	0	0	0	0	0	1	1	1	1	1	0	1	1	1	1	1
HEMOGLOBIN M (MILWAUKEE 1)	1	1	1	1	1	1	1	0	0	0	0	0	0	0	0	0	0	0	0	0	0	1	1	1	0	0	0	0	0	0	1	1	1	1	1	0	1	1	1	1	1
HEMOGLOBIN M (MILWAUKEE 2)	1	1	1	1	1	1	1	0	0	0	0	0	0	0	0	0	0	0	0	0	0	1	1	1	0	0	0	0	0	0	1	1	1	1	1	0	1	1	1	1	1
HEMOGLOBIN M (HYDE PARK)	1	1	1	1	1	1	1	0	0	0	0	0	0	0	0	0	0	0	0	0	0	1	1	1	0	0	0	0	0	0	1	1	1	1	1	0	1	1	1	1	1
HEMOGLOBIN M (AKITA)	1	1	1	1	1	1	1	0	0	0	0	0	0	0	0	0	0	0	0	0	0	1	1	1	0	0	0	0	0	0	1	1	1	1	1	0	1	1	1	1	1
HEMOGLOBIN M (SASKATOON)	1	1	1	1	1	1	1	0	0	0	0	0	0	0	0	0	0	0	0	0	0	1	1	1	0	0	0	0	0	0	1	1	1	1	1	0	1	1	1	1	1
HEMOGLOBIN MADRID	1	1	1	1	1	1	1	0	0	0	0	0	0	0	0	0	0	0	0	0	0	1	1	1	0	0	0	0	0	0	1	1	1	1	1	0	1	1	1	1	1
HEMOGLOBIN MALAY	1	1	1	1	1	1	1	0	0	0	0	0	0	0	0	0	0	0	0	0	0	1	1	1	0	1	0	0	0	0	1	1	1	1	1	0	1	1	1	1	1
Beta-malay-thalassemia	1	1	1	1	1	1	0	0	0	0	0	0	0	0	0	0	0	0	0	0	0	1	1	1	0	1	0	0	0	0	1	1	1	1	1	0	1	1	1	1	1
HEMOGLOBIN MAPUTO	1	1	1	1	1	1	1	0	0	0	0	0	0	0	0	0	0	0	0	0	0	1	1	1	0	0	0	0	0	0	1	1	1	1	1	0	1	1	1	1	1
HEMOGLOBIN MASUDA	1	1	1	1	1	1	1	0	0	0	0	0	0	0	0	0	0	0	0	0	0	1	1	1	0	0	0	0	0	0	1	1	1	1	1	0	1	1	1	1	1
HEMOGLOBIN MATERA	1	1	1	1	1	1	1	0	0	0	0	0	0	0	0	0	0	0	0	0	0	1	1	1	0	0	0	0	0	0	1	1	1	1	1	0	1	1	1	1	1
HEMOGLOBIN MEQUON	1	1	1	1	1	1	1	0	0	0	0	0	0	0	0	0	0	0	0	0	0	1	1	1	0	0	0	0	0	0	1	1	1	1	1	0	1	1	1	1	1
HEMOGLOBIN MCKEES ROCKS	1	1	1	1	1	1	1	0	0	0	0	0	0	0	0	0	0	0	0	0	0	1	1	1	0	0	0	0	0	0	1	1	1	1	1	0	1	1	1	1	1
HEMOGLOBIN MINNEAPOLIS-LAOS	1	1	1	1	1	1	1	0	0	0	0	0	0	0	0	0	0	0	0	0	0	1	1	1	0	0	0	0	0	0	1	1	1	1	1	0	1	1	1	1	1
HEMOGLOBIN MISSISSIPPI	1	1	1	1	1	1	1	0	0	0	0	0	0	0	0	0	0	0	0	0	0	1	1	1	0	0	0	0	0	0	1	1	1	1	1	0	1	1	1	1	1
HEMOGLOBIN MS	1	1	1	1	1	1	1	0	0	0	0	0	0	0	0	0	0	0	0	0	0	1	1	1	0	0	0	0	0	0	1	1	1	1	1	0	1	1	1	1	1
HEMOGLOBIN MITO	1	1	1	1	1	1	1	0	0	0	0	0	0	0	0	0	0	0	0	0	0	1	1	1	0	0	0	0	0	0	1	1	1	1	1	0	1	1	1	1	1
HEMOGLOBIN MIYASHIRO	1	1	1	1	1	1	1	0	0	0	0	0	0	0	0	0	0	0	0	0	0	1	1	1	0	0	0	0	0	0	1	1	1	1	1	0	1	1	1	1	1
HEMOGLOBIN MIZUHO	1	1	1	1	1	1	1	0	0	0	0	0	0	0	0	0	0	0	0	0	0	1	1	1	0	0	0	0	0	0	1	1	1	1	1	0	1	1	1	1	1
HEMOGLOBIN MOBILE	1	1	1	1	1	1	1	0	0	0	0	0	0	0	0	0	0	0	0	0	0	1	1	1	0	0	0	0	0	0	1	1	1	1	1	0	1	1	1	1	1
HEMOGLOBIN MORIGUCHI	1	1	1	1	1	1	1	0	0	0	0	0	0	0	0	0	0	0	0	0	0	1	1	1	0	0	0	0	0	0	1	1	1	1	1	0	1	1	1	1	1
HEMOGLOBIN MOSCVA	1	1	1	1	1	1	1	0	0	0	0	0	0	0	0	0	0	0	0	0	0	1	1	1	0	0	0	0	0	0	1	1	1	1	1	0	1	1	1	1	1
HEMOGLOBIN MOZHAISK	1	1	1	1	1	1	1	0	0	0	0	0	0	0	0	0	0	0	0	0	0	1	1	1	0	0	0	0	0	0	1	1	1	1	1	0	1	1	1	1	1
HEMOGLOBIN N (BALTIMORE)	1	1	1	1	1	1	1	0	0	0	0	0	0	0	0	0	0	0	0	0	0	1	1	1	0	0	0	0	0	0	1	1	1	1	1	0	1	1	1	1	1
HEMOGLOBIN N (JENKINS)	1	1	1	1	1	1	1	0	0	0	0	0	0	0	0	0	0	0	0	0	0	1	1	1	0	0	0	0	0	0	1	1	1	1	1	0	1	1	1	1	1
HEMOGLOBIN JENKINS	1	1	1	1	1	1	1	0	0	0	0	0	0	0	0	0	0	0	0	0	0	1	1	1	0	0	0	0	0	0	1	1	1	1	1	0	1	1	1	1	1
HEMOGLOBIN HOPKINS 1	1	1	1	1	1	1	1	0	0	0	0	0	0	0	0	0	0	0	0	0	0	1	1	1	0	0	0	0	0	0	1	1	1	1	1	0	1	1	1	1	1
HEMOGLOBIN KENWOOD	1	1	1	1	1	1	1	0	0	0	0	0	0	0	0	0	0	0	0	0	0	1	1	1	0	0	0	0	0	0	1	1	1	1	1	0	1	1	1	1	1
HEMOGLOBIN N (SEATTLE)	1	1	1	1	1	1	1	0	0	0	0	0	0	0	0	0	0	0	0	0	0	1	1	1	0	0	0	0	0	0	1	1	1	1	1	0	1	1	1	1	1
HEMOGLOBIN N (TIMONE)	1	1	1	1	1	1	1	0	0	0	0	0	0	0	0	0	0	0	0	0	0	1	1	1	0	0	0	0	0	0	1	1	1	1	1	0	1	1	1	1	1
HEMOGLOBIN NAGOYA	1	1	1	1	1	1	1	0	0	0	0	0	0	0	0	0	0	0	0	0	0	1	1	1	0	0	0	0	0	0	1	1	1	1	1	0	1	1	1	1	1
HEMOGLOBIN NEVERS	1	1	1	1	1	1	1	0	0	0	0	0	0	0	0	0	0	0	0	0	0	1	1	1	0	0	0	0	0	0	1	1	1	1	1	0	1	1	1	1	1
HEMOGLOBIN NEW MEXICO	1	1	1	1	1	1	1	0	0	0	0	0	0	0	0	0	0	0	0	0	0	1	1	1	0	0	0	0	0	0	1	1	1	1	1	0	1	1	1	1	1
HEMOGLOBIN NEW YORK	1	1	1	1	1	1	1	0	0	0	0	0	0	0	0	0	0	0	0	0	0	1	1	1	0	0	0	0	0	0	1	1	1	1	1	0	1	1	1	1	1
HEMOGLOBIN KAOHSIUNG	1	1	1	1	1	1	1	0	0	0	0	0	0	0	0	0	0	0	0	0	0	1	1	1	0	0	0	0	0	0	1	1	1	1	1	0	1	1	1	1	1
HEMOGLOBIN NEWCASTLE	1	1	1	1	1	1	1	0	0	0	0	0	0	0	0	0	0	0	0	0	0	1	1	1	0	0	0	0	0	0	1	1	1	1	1	0	1	1	1	1	1
HEMOGLOBIN NITEROI	1	1	1	1	1	1	1	0	0	0	0	0	0	0	0	0	0	0	0	0	0	1	1	1	0	0	0	0	0	0	1	1	1	1	1	0	1	1	1	1	1
HEMOGLOBIN NORTH CHICAGO	1	1	1	1	1	1	1	0	0	0	0	0	0	0	0	0	0	0	0	0	0	1	1	1	0	0	0	0	0	0	1	1	1	1	1	0	1	1	1	1	1
HEMOGLOBIN NORTH SHORE	1	1	1	1	1	1	1	0	0	0	0	0	0	0	0	0	0	0	0	0	0	1	1	1	0	0	0	0	0	0	1	1	1	1	1	0	1	1	1	1	1
HEMOGLOBIN NORTH SHORE-CARACAS	1	1	1	1	1	1	1	0	0	0	0	0	0	0	0	0	0	0	0	0	0	1	1	1	0	0	0	0	0	0	1	1	1	1	1	0	1	1	1	1	1
HEMOGLOBIN NOTTINGHAM	1	1	1	1	1	1	1	0	0	0	0	0	0	0	0	0	0	0	0	0	0	1	1	1	0	0	0	0	0	0	1	1	1	1	1	0	1	1	1	1	1
HEMOGLOBIN O (ARAB)	1	1	1	1	1	1	1	0	0	0	0	0	0	0	0	0	0	0	0	0	0	1	1	1	0	0	0	0	0	0	1	1	1	1	1	0	1	1	1	1	1
HEMOGLOBIN EGYPT	1	1	1	1	1	1	1	0	0	0	0	0	0	0	0	0	0	0	0	0	0	1	1	1	0	0	0	0	0	0	1	1	1	1	1	0	1	1	1	1	1
HEMOGLOBIN OCHO RIOS	1	1	1	1	1	1	1	0	0	0	0	0	0	0	0	0	0	0	0	0	0	1	1	1	0	0	0	0	0	0	1	1	1	1	1	0	1	1	1	1	1
HEMOGLOBIN OHIO	1	1	1	1	1	1	1	0	0	0	0	0	0	0	0	0	0	0	0	0	0	1	1	1	0	0	0	0	0	0	1	1	1	1	1	0	1	1	1	1	1
HEMOGLOBIN OKALOOSA	1	1	1	1	1	1	1	0	0	0	0	0	0	0	0	0	0	0	0	0	0	1	1	1	0	0	0	0	0	0	1	1	1	1	1	0	1	1	1	1	1
HEMOGLOBIN OKAYAMA	1	1	1	1	1	1	1	0	0	0	0	0	0	0	0	0	0	0	0	0	0	1	1	1	0	0	0	0	0	0	1	1	1	1	1	0	1	1	1	1	1
HEMOGLOBIN OKAZAKI	1	1	1	1	1	1	1	0	0	0	0	0	0	0	0	0	0	0	0	0	0	1	1	1	0	0	0	0	0	0	1	1	1	1	1	0	1	1	1	1	1
HEMOGLOBIN OLMSTED	1	1	1	1	1	1	1	0	0	0	0	0	0	0	0	0	0	0	0	0	0	1	1	1	0	0	0	0	0	0	1	1	1	1	1	0	1	1	1	1	1
HEMOGLOBIN OLOMOUC	1	1	1	1	1	1	1	0	0	0	0	0	0	0	0	0	0	0	0	0	0	1	1	1	0	0	0	0	0	0	1	1	1	1	1	0	1	1	1	1	1
HEMOGLOBIN OLYMPIA	1	1	1	1	1	1	1	0	0	0	0	0	0	0	0	0	0	0	0	0	0	1	1	1	0	0	0	0	0	0	1	1	1	1	1	0	1	1	1	1	1
HEMOGLOBIN OSU CHRISTIANSBORG	1	1	1	1	1	1	1	0	0	0	0	0	0	0	0	0	0	0	0	0	0	1	1	1	0	0	0	0	0	0	1	1	1	1	1	0	1	1	1	1	1
HEMOGLOBIN P	1	1	1	1	1	1	1	0	0	0	0	0	0	0	0	0	0	0	0	0	0	1	1	1	0	0	0	0	0	0	1	1	1	1	1	0	1	1	1	1	1
HEMOGLOBIN P (GALVESTON)	1	1	1	1	1	1	1	0	0	0	0	0	0	0	0	0	0	0	0	0	0	1	1	1	0	0	0	0	0	0	1	1	1	1	1	0	1	1	1	1	1
HEMOGLOBIN PALMERSTON NORTH	1	1	1	1	1	1	1	0	0	0	0	0	0	0	0	0	0	0	0	0	0	1	1	1	0	0	0	0	0	0	1	1	1	1	1	0	1	1	1	1	1
HEMOGLOBIN PASADENA	1	1	1	1	1	1	1	0	0	0	0	0	0	0	0	0	0	0	0	0	0	1	1	1	0	0	0	0	0	0	1	1	1	1	1	0	1	1	1	1	1
HEMOGLOBIN PERTH	1	1	1	1	1	1	1	0	0	0	0	0	0	0	0	0	0	0	0	0	0	1	1	1	0	0	0	0	0	0	1	1	1	1	1	0	1	1	1	1	1
HEMOGLOBIN ABRAHAM LINCOLN	1	1	1	1	1	1	1	0	0	0	0	0	0	0	0	0	0	0	0	0	0	1	1	1	0	0	0	0	0	0	1	1	1	1	1	0	1	1	1	1	1
HEMOGLOBIN KOBE	1	1	1	1	1	1	1	0	0	0	0	0	0	0	0	0	0	0	0	0	0	1	1	1	0	0	0	0	0	0	1	1	1	1	1	0	1	1	1	1	1
HEMOGLOBIN PETERBOROUGH	1	1	1	1	1	1	1	0	0	0	0	0	0	0	0	0	0	0	0	0	0	1	1	1	0	0	0	0	0	0	1	1	1	1	1	0	1	1	1	1	1
HEMOGLOBIN PHILLY	1	1	1	1	1	1	1	0	0	0	0	0	0	0	0	0	0	0	0	0	0	1	1	1	0	0	0	0	0	0	1	1	1	1	1	0	1	1	1	1	1
HEMOGLOBIN PIERRE-BENITE	1	1	1	1	1	1	1	0	0	0	0	0	0	0	0	0	0	0	0	0	0	1	1	1	0	0	0	0	0	0	1	1	1	1	1	0	1	1	1	1	1
Erythrocytosis	1	1	1	1	1	1	0	1	0	0	0	0	0	0	0	0	0	0	0	0	0	1	1	1	0	0	0	0	0	0	1	1	1	1	1	0	1	1	1	1	1
HEMOGLOBIN POISSY	1	1	1	1	1	1	1	0	0	0	0	0	0	0	0	0	0	0	0	0	0	1	1	1	0	0	0	0	0	0	1	1	1	1	1	0	1	1	1	1	1
HEMOGLOBIN QUIN-HAI	1	1	1	1	1	1	1	0	0	0	0	0	0	0	0	0	0	0	0	0	0	1	1	1	0	0	0	0	0	0	1	1	1	1	1	0	1	1	1	1	1
HEMOGLOBIN RADCLIFFE	1	1	1	1	1	1	1	0	0	0	0	0	0	0	0	0	0	0	0	0	0	1	1	1	0	0	0	0	0	0	1	1	1	1	1	0	1	1	1	1	1
HEMOGLOBIN PORTO ALEGRE	1	1	1	1	1	1	1	0	0	0	0	0	0	0	0	0	0	0	0	0	0	1	1	1	0	0	0	0	0	0	1	1	1	1	1	0	1	1	1	1	1
HEMOGLOBIN POTOMAC	1	1	1	1	1	1	1	0	0	0	0	0	0	0	0	0	0	0	0	0	0	1	1	1	0	0	0	0	0	0	1	1	1	1	1	0	1	1	1	1	1
HEMOGLOBIN PROVIDENCE	1	1	1	1	1	1	1	0	0	0	0	0	0	0	0	0	0	0	0	0	0	1	1	1	0	0	0	0	0	0	1	1	1	1	1	0	1	1	1	1	1
HEMOGLOBIN PYRGOS	1	1	1	1	1	1	1	0	0	0	0	0	0	0	0	0	0	0	0	0	0	1	1	1	0	0	0	0	0	0	1	1	1	1	1	0	1	1	1	1	1
HEMOGLOBIN RAHERE	1	1	1	1	1	1	1	0	0	0	0	0	0	0	0	0	0	0	0	0	0	1	1	1	0	0	0	0	0	0	1	1	1	1	1	0	1	1	1	1	1
HEMOGLOBIN RAINIER	1	1	1	1	1	1	1	0	0	0	0	0	0	0	0	0	0	0	0	0	0	1	1	1	0	0	0	0	0	0	1	1	1	1	1	0	1	1	1	1	1
HEMOGLOBIN RALEIGH	1	1	1	1	1	1	1	0	0	0	0	0	0	0	0	0	0	0	0	0	0	1	1	1	0	0	0	0	0	0	1	1	1	1	1	0	1	1	1	1	1
HEMOGLOBIN RANDWICK	1	1	1	1	1	1	1	0	0	0	0	0	0	0	0	0	0	0	0	0	0	1	1	1	0	0	0	0	0	0	1	1	1	1	1	0	1	1	1	1	1
HEMOGLOBIN REGINA	1	1	1	1	1	1	1	0	0	0	0	0	0	0	0	0	0	0	0	0	0	1	1	1	0	0	0	0	0	0	1	1	1	1	1	0	1	1	1	1	1
HEMOGLOBIN RIVERDALE-BRONX	1	1	1	1	1	1	1	0	0	0	0	0	0	0	0	0	0	0	0	0	0	1	1	1	0	0	0	0	0	0	1	1	1	1	1	0	1	1	1	1	1
HEMOGLOBIN RIYADH	1	1	1	1	1	1	1	0	0	0	0	0	0	0	0	0	0	0	0	0	0	1	1	1	0	0	0	0	0	0	1	1	1	1	1	0	1	1	1	1	1
HEMOGLOBIN KARATSU	1	1	1	1	1	1	1	0	0	0	0	0	0	0	0	0	0	0	0	0	0	1	1	1	0	0	0	0	0	0	1	1	1	1	1	0	1	1	1	1	1
HEMOGLOBIN ROSEAU-POINTE A PITRE	1	1	1	1	1	1	1	0	0	0	0	0	0	0	0	0	0	0	0	0	0	1	1	1	0	0	0	0	0	0	1	1	1	1	1	0	1	1	1	1	1
HEMOGLOBIN ROTHSCHILD	1	1	1	1	1	1	1	0	0	0	0	0	0	0	0	0	0	0	0	0	0	1	1	1	0	0	0	0	0	0	1	1	1	1	1	0	1	1	1	1	1
HEMOGLOBIN RUSH	1	1	1	1	1	1	1	0	0	0	0	0	0	0	0	0	0	0	0	0	0	1	1	1	0	0	0	0	0	0	1	1	1	1	1	0	1	1	1	1	1
HEMOGLOBIN S	1	1	1	1	1	1	1	0	0	0	0	0	0	0	0	0	0	0	0	0	0	1	1	1	0	0	0	0	0	0	1	1	1	1	1	0	1	1	1	1	1
Hb SS disease	1	1	1	1	1	1	1	1	1	1	0	1	1	0	0	0	0	0	0	0	0	1	1	1	0	0	0	0	0	0	1	1	1	1	1	0	1	1	1	1	1
HEMOGLOBIN S (ANTILLES)	1	1	1	1	1	1	1	0	0	0	0	0	0	0	0	0	0	0	0	0	0	1	1	1	0	0	0	0	0	0	1	1	1	1	1	0	1	1	1	1	1
HEMOGLOBIN S (PROVIDENCE)	1	1	1	1	1	1	1	0	0	0	0	0	0	0	0	0	0	0	0	0	0	1	1	1	0	0	0	0	0	0	1	1	1	1	1	0	1	1	1	1	1
HEMOGLOBIN S (TRAVIS)	1	1	1	1	1	1	1	0	0	0	0	0	0	0	0	0	0	0	0	0	0	1	1	1	0	0	0	0	0	0	1	1	1	1	1	0	1	1	1	1	1
HEMOGLOBIN SABINE	1	1	1	1	1	1	1	0	0	0	0	0	0	0	0	0	0	0	0	0	0	1	1	1	0	0	0	0	0	0	1	1	1	1	1	0	1	1	1	1	1
HEMOGLOBIN SAINT JACQUES	1	1	1	1	1	1	1	0	0	0	0	0	0	0	0	0	0	0	0	0	0	1	1	1	0	0	0	0	0	0	1	1	1	1	1	0	1	1	1	1	1
HEMOGLOBIN SAITAMA	1	1	1	1	1	1	1	0	0	0	0	0	0	0	0	0	0	0	0	0	0	1	1	1	0	0	0	0	0	0	1	1	1	1	1	0	1	1	1	1	1
HEMOGLOBIN SAKI	1	1	1	1	1	1	1	0	0	0	0	0	0	0	0	0	0	0	0	0	0	1	1	1	0	0	0	0	0	0	1	1	1	1	1	0	1	1	1	1	1
HEMOGLOBIN SAN DIEGO	1	1	1	1	1	1	1	0	0	0	0	0	0	0	0	0	0	0	0	0	0	1	1	1	0	0	0	0	0	0	1	1	1	1	1	0	1	1	1	1	1
HEMOGLOBIN SANTA ANA	1	1	1	1	1	1	1	0	0	0	0	0	0	0	0	0	0	0	0	0	0	1	1	1	0	0	0	0	0	0	1	1	1	1	1	0	1	1	1	1	1
HEMOGLOBIN SAVANNAH	1	1	1	1	1	1	1	0	0	0	0	0	0	0	0	0	0	0	0	0	0	1	1	1	0	0	0	0	0	0	1	1	1	1	1	0	1	1	1	1	1
HEMOGLOBIN SAVERNE	1	1	1	1	1	1	1	0	0	0	0	0	0	0	0	0	0	0	0	0	0	1	1	1	0	0	0	0	0	0	1	1	1	1	1	0	1	1	1	1	1
HEMOGLOBIN SEATTLE	1	1	1	1	1	1	1	0	0	0	0	0	0	0	0	0	0	0	0	0	0	1	1	1	0	0	0	0	0	0	1	1	1	1	1	0	1	1	1	1	1
HEMOGLOBIN SENDAGI	1	1	1	1	1	1	1	0	0	0	0	0	0	0	0	0	0	0	0	0	0	1	1	1	0	0	0	0	0	0	1	1	1	1	1	0	1	1	1	1	1
HEMOGLOBIN WARSAW	1	1	1	1	1	1	1	0	0	0	0	0	0	0	0	0	0	0	0	0	0	1	1	1	0	0	0	0	0	0	1	1	1	1	1	0	1	1	1	1	1
HEMOGLOBIN SHANGHAI	1	1	1	1	1	1	1	0	0	0	0	0	0	0	0	0	0	0	0	0	0	1	1	1	0	0	0	0	0	0	1	1	1	1	1	0	1	1	1	1	1
HEMOGLOBIN SHELBY	1	1	1	1	1	1	1	0	0	0	0	0	0	0	0	0	0	0	0	0	0	1	1	1	0	0	0	0	0	0	1	1	1	1	1	0	1	1	1	1	1
HEMOGLOBIN LESLIE	1	1	1	1	1	1	1	0	0	0	0	0	0	0	0	0	0	0	0	0	0	1	1	1	0	0	0	0	0	0	1	1	1	1	1	0	1	1	1	1	1
HEMOGLOBIN DEACONESS	1	1	1	1	1	1	1	0	0	0	0	0	0	0	0	0	0	0	0	0	0	1	1	1	0	0	0	0	0	0	1	1	1	1	1	0	1	1	1	1	1
HEMOGLOBIN SHEPHERDS BUSH	1	1	1	1	1	1	1	0	0	0	0	0	0	0	0	0	0	0	0	0	0	1	1	1	0	0	0	0	0	0	1	1	1	1	1	0	1	1	1	1	1
HEMOGLOBIN SHERWOOD FOREST	1	1	1	1	1	1	1	0	0	0	0	0	0	0	0	0	0	0	0	0	0	1	1	1	0	0	0	0	0	0	1	1	1	1	1	0	1	1	1	1	1
HEMOGLOBIN SHOWA-YAKUSHIJI	1	1	1	1	1	1	1	0	0	0	0	0	0	0	0	0	0	0	0	0	0	1	1	1	0	0	0	0	0	0	1	1	1	1	1	0	1	1	1	1	1
Beta-showa-yakushiji thalassemia	1	1	1	1	1	1	0	0	0	0	0	0	0	0	0	0	0	0	0	0	0	1	1	1	0	0	0	0	0	0	1	1	1	1	1	0	1	1	1	1	1
HEMOGLOBIN SIRIRAJ	1	1	1	1	1	1	1	0	0	0	0	0	0	0	0	0	0	0	0	0	0	1	1	1	0	0	0	0	0	0	1	1	1	1	1	0	1	1	1	1	1
HEMOGLOBIN G (HONAN)	1	1	1	1	1	1	1	0	0	0	0	0	0	0	0	0	0	0	0	0	0	1	1	1	0	0	0	0	0	0	1	1	1	1	1	0	1	1	1	1	1
HEMOGLOBIN ST. MANDE	1	1	1	1	1	1	1	0	0	0	0	0	0	0	0	0	0	0	0	0	0	1	1	1	0	0	0	0	0	0	1	1	1	1	1	0	1	1	1	1	1
HEMOGLOBIN SOGN	1	1	1	1	1	1	1	0	0	0	0	0	0	0	0	0	0	0	0	0	0	1	1	1	0	0	0	0	0	0	1	1	1	1	1	0	1	1	1	1	1
HEMOGLOBIN SOUTHAMPTON	1	1	1	1	1	1	1	0	0	0	0	0	0	0	0	0	0	0	0	0	0	1	1	1	0	0	0	0	0	0	1	1	1	1	1	0	1	1	1	1	1
HEMOGLOBIN CASPER	1	1	1	1	1	1	1	0	0	0	0	0	0	0	0	0	0	0	0	0	0	1	1	1	0	0	0	0	0	0	1	1	1	1	1	0	1	1	1	1	1
HEMOGLOBIN STANMORE	1	1	1	1	1	1	1	0	0	0	0	0	0	0	0	0	0	0	0	0	0	1	1	1	0	0	0	0	0	0	1	1	1	1	1	0	1	1	1	1	1
HEMOGLOBIN STRASBOURG	1	1	1	1	1	1	1	0	0	0	0	0	0	0	0	0	0	0	0	0	0	1	1	1	0	0	0	0	0	0	1	1	1	1	1	0	1	1	1	1	1
HEMOGLOBIN SOUTH FLORIDA	1	1	1	1	1	1	1	0	0	0	0	0	0	0	0	0	0	0	0	0	0	1	1	1	0	0	0	0	0	0	1	1	1	1	1	0	1	1	1	1	1
HEMOGLOBIN ST. ANTOINE	1	1	1	1	1	1	1	0	0	0	0	0	0	0	0	0	0	0	0	0	0	1	1	1	0	0	0	0	0	0	1	1	1	1	1	1	1	1	1	1	1
HEMOGLOBIN ST. LOUIS	1	1	1	1	1	1	1	0	0	0	0	0	0	0	0	0	0	0	0	0	0	1	1	1	0	0	0	0	0	0	1	1	1	1	1	0	1	1	1	1	1
HEMOGLOBIN SUMMER HILL	1	1	1	1	1	1	1	0	0	0	0	0	0	0	0	0	0	0	0	0	0	1	1	1	0	0	0	0	0	0	1	1	1	1	1	0	1	1	1	1	1
HEMOGLOBIN SUNNYBROOK	1	1	1	1	1	1	1	0	0	0	0	0	0	0	0	0	0	0	0	0	0	1	1	1	0	0	0	0	0	0	1	1	1	1	1	0	1	1	1	1	1
HEMOGLOBIN SYDNEY	1	1	1	1	1	1	1	0	0	0	0	0	0	0	0	0	0	0	0	0	0	1	1	1	0	0	0	0	0	0	1	1	1	1	1	0	1	1	1	1	1
HEMOGLOBIN SYRACUSE	1	1	1	1	1	1	1	0	0	0	0	0	0	0	0	0	0	0	0	0	0	1	1	1	0	0	0	0	0	0	1	1	1	1	1	0	1	1	1	1	1
HEMOGLOBIN T (CAMBODIA)	1	1	1	1	1	1	1	0	0	0	0	0	0	0	0	0	0	0	0	0	0	1	1	1	0	0	0	0	0	0	1	1	1	1	1	0	1	1	1	1	1
HEMOGLOBIN TA-LI	1	1	1	1	1	1	1	0	0	0	0	0	0	0	0	0	0	0	0	0	0	1	1	1	0	0	0	0	0	0	1	1	1	1	1	0	1	1	1	1	1
HEMOGLOBIN TACOMA	1	1	1	1	1	1	1	0	0	0	0	0	0	0	0	0	0	0	0	0	0	1	1	1	0	0	0	0	0	0	1	1	1	1	1	0	1	1	1	1	1
HEMOGLOBIN TAK	1	1	1	1	1	1	1	0	0	0	0	0	0	0	0	0	0	0	0	0	0	1	1	1	0	0	0	0	0	0	1	1	1	1	1	0	1	1	1	1	1
HEMOGLOBIN TAKAMATSU	1	1	1	1	1	1	1	0	0	0	0	0	0	0	0	0	0	0	0	0	0	1	1	1	0	0	0	0	0	0	1	1	1	1	1	0	1	1	1	1	1
HEMOGLOBIN TAMPA	1	1	1	1	1	1	1	0	0	0	0	0	0	0	0	0	0	0	0	0	0	1	1	1	0	0	0	0	0	0	1	1	1	1	1	0	1	1	1	1	1
HEMOGLOBIN TIANSHUI	1	1	1	1	1	1	1	0	0	0	0	0	0	0	0	0	0	0	0	0	0	1	1	1	0	0	0	0	0	0	1	1	1	1	1	0	1	1	1	1	1
HEMOGLOBIN TILBURG	1	1	1	1	1	1	1	0	0	0	0	0	0	0	0	0	0	0	0	0	0	1	1	1	0	0	0	0	0	0	1	1	1	1	1	0	1	1	1	1	1
HEMOGLOBIN TOCHIGI	1	1	1	1	1	1	1	0	0	0	0	0	0	0	0	0	0	0	0	0	0	1	1	1	0	0	0	0	0	0	1	1	1	1	1	0	1	1	1	1	1
HEMOGLOBIN TOURS	1	1	1	1	1	1	1	0	0	0	0	0	0	0	0	0	0	0	0	0	0	1	1	1	0	0	0	0	0	0	1	1	1	1	1	0	1	1	1	1	1
HEMOGLOBIN TOYOAKE	1	1	1	1	1	1	1	0	0	0	0	0	0	0	0	0	0	0	0	0	0	1	1	1	0	0	0	0	0	0	1	1	1	1	1	0	1	1	1	1	1
HEMOGLOBIN WILLAMETTE	1	1	1	1	1	1	1	0	0	0	0	0	0	0	0	0	0	0	0	0	0	1	1	1	0	0	0	0	0	0	1	1	1	1	1	0	1	1	1	1	1
HEMOGLOBIN TUBINGEN	1	1	1	1	1	1	1	0	0	0	0	0	0	0	0	0	0	0	0	0	0	1	1	1	0	0	0	0	0	0	1	1	1	1	1	0	1	1	1	1	1
HEMOGLOBIN TUNIS	1	1	1	1	1	1	1	0	0	0	0	0	0	0	0	0	0	0	0	0	0	1	1	1	0	0	0	0	0	0	1	1	1	1	1	0	1	1	1	1	1
HEMOGLOBIN TY GARD	1	1	1	1	1	1	1	0	0	0	0	0	0	0	0	0	0	0	0	0	0	1	1	1	0	0	0	0	0	0	1	1	1	1	1	0	1	1	1	1	1
HEMOGLOBIN VANCOUVER	1	1	1	1	1	1	1	0	0	0	0	0	0	0	0	0	0	0	0	0	0	1	1	1	0	0	0	0	0	0	1	1	1	1	1	0	1	1	1	1	1
HEMOGLOBIN VANDERBILT	1	1	1	1	1	1	1	0	0	0	0	0	0	0	0	0	0	0	0	0	0	1	1	1	0	0	0	0	0	0	1	1	1	1	1	0	1	1	1	1	1
HEMOGLOBIN VICKSBURG	1	1	1	1	1	1	1	0	0	0	0	0	0	0	0	0	0	0	0	0	0	1	1	1	0	0	0	0	0	0	1	1	1	1	1	0	1	1	1	1	1
HEMOGLOBIN VILLEJUIF	1	1	1	1	1	1	1	0	0	0	0	0	0	0	0	0	0	0	0	0	0	1	1	1	0	0	0	0	0	0	1	1	1	1	1	0	1	1	1	1	1
HEMOGLOBIN VOLGA	1	1	1	1	1	1	1	0	0	0	0	0	0	0	0	0	0	0	0	0	0	1	1	1	0	0	0	0	0	0	1	1	1	1	1	0	1	1	1	1	1
HEMOGLOBIN DRENTHE	1	1	1	1	1	1	1	0	0	0	0	0	0	0	0	0	0	0	0	0	0	1	1	1	0	0	0	0	0	0	1	1	1	1	1	0	1	1	1	1	1
HEMOGLOBIN WARWICKSHIRE	1	1	1	1	1	1	1	0	0	0	0	0	0	0	0	0	0	0	0	0	0	1	1	1	0	0	0	0	0	0	1	1	1	1	1	0	1	1	1	1	1
HEMOGLOBIN WIEN	1	1	1	1	1	1	1	0	0	0	0	0	0	0	0	0	0	0	0	0	0	1	1	1	0	0	0	0	0	0	1	1	1	1	1	0	1	1	1	1	1
HEMOGLOBIN WINDSOR	1	1	1	1	1	1	1	0	0	0	0	0	0	0	0	0	0	0	0	0	0	1	1	1	0	0	0	0	0	0	1	1	1	1	1	0	1	1	1	1	1
HEMOGLOBIN WOOD	1	1	1	1	1	1	1	0	0	0	0	0	0	0	0	0	0	0	0	0	0	1	1	1	0	0	0	0	0	0	1	1	1	1	1	0	1	1	1	1	1
HEMOGLOBIN YAKIMA	1	1	1	1	1	1	1	0	0	0	0	0	0	0	0	0	0	0	0	0	0	1	1	1	0	0	0	0	0	0	1	1	1	1	1	0	1	1	1	1	1
HEMOGLOBIN YATSUSHIRO	1	1	1	1	1	1	1	0	0	0	0	0	0	0	0	0	0	0	0	0	0	1	1	1	0	0	0	0	0	0	1	1	1	1	1	0	1	1	1	1	1
HEMOGLOBIN YOKOHAMA	1	1	1	1	1	1	1	0	0	0	0	0	0	0	0	0	0	0	0	0	0	1	1	1	0	0	0	0	0	0	1	1	1	1	1	0	1	1	1	1	1
HEMOGLOBIN YORK	1	1	1	1	1	1	1	0	0	0	0	0	0	0	0	0	0	0	0	0	0	1	1	1	0	0	0	0	0	0	1	1	1	1	1	0	1	1	1	1	1
HEMOGLOBIN YOSHIZUKA	1	1	1	1	1	1	1	0	0	0	0	0	0	0	0	0	0	0	0	0	0	1	1	1	0	0	0	0	0	0	1	1	1	1	1	0	1	1	1	1	1
HEMOGLOBIN YPSILANTI	1	1	1	1	1	1	1	0	0	0	0	0	0	0	0	0	0	0	0	0	0	1	1	1	0	0	0	0	0	0	1	1	1	1	1	0	1	1	1	1	1
HEMOGLOBIN YUKUHASHI	1	1	1	1	1	1	1	0	0	0	0	0	0	0	0	0	0	0	0	0	0	1	1	1	0	0	0	0	0	0	1	1	1	1	1	0	1	1	1	1	1
HEMOGLOBIN DHOFAR	1	1	1	1	1	1	1	0	0	0	0	0	0	0	0	0	0	0	0	0	0	1	1	1	0	0	0	0	0	0	1	1	1	1	1	0	1	1	1	1	1
HEMOGLOBIN YUSA	1	1	1	1	1	1	1	0	0	0	0	0	0	0	0	0	0	0	0	0	0	1	1	1	0	0	0	0	0	0	1	1	1	1	1	0	1	1	1	1	1
Hemoglobin Zurich	1	1	1	1	1	1	0	0	0	0	0	0	1	0	0	0	0	0	0	0	0	1	1	1	0	0	0	0	0	0	1	1	1	1	1	0	1	1	1	1	1
"Beta-thalassemia, dominant inclusion body typ"	3	3	3	3	3	3	3	3	0	0	0	3	0	0	0	0	0	0	0	0	0	3	3	2	0	0	0	0	0	0	3	3	3	3	3	1	3	3	3	3	3
Beta-Houston-thalassemia	1	1	1	1	1	1	0	0	0	0	0	0	0	0	0	0	0	0	0	0	0	1	1	1	0	0	0	0	0	0	1	1	1	1	1	0	1	1	1	1	1
HEMOGLOBIN CAGLIARI	1	1	1	1	1	1	1	0	0	0	0	0	0	0	0	0	0	0	0	0	0	1	1	1	0	0	0	0	0	0	1	1	1	1	1	0	1	1	1	1	1
HEMOGLOBIN GENEVA	1	1	1	1	1	1	1	0	0	0	0	0	0	0	0	0	0	0	0	0	0	1	1	1	0	0	0	0	0	0	1	1	1	1	1	0	1	1	1	1	1
"Beta-thalassemia, lermontov type"	1	1	1	1	1	1	0	0	0	0	0	0	0	0	0	0	0	0	0	0	0	1	1	1	0	0	0	0	0	0	1	1	1	1	1	0	1	1	1	1	1
HEMOGLOBIN BIRMINGHAM	1	1	1	1	1	1	1	0	0	0	0	0	0	0	0	0	0	0	0	0	0	1	1	1	0	0	0	0	0	0	1	1	1	1	1	1	1	1	1	1	1
HEMOGLOBIN GALICIA	1	1	1	1	1	1	1	0	0	0	0	0	0	0	0	0	0	0	0	0	0	1	1	1	0	0	0	0	0	0	1	1	1	1	1	0	1	1	1	1	1
HEMOGLOBIN SOUTH MILWAUKEE	1	1	1	1	1	1	1	0	0	0	0	0	0	0	0	0	0	0	0	0	0	1	1	1	0	0	0	0	0	0	1	1	1	1	1	0	1	1	1	1	1
HEMOGLOBIN CALAIS	1	1	1	1	1	1	1	0	0	0	0	0	0	0	0	0	0	0	0	0	0	1	1	1	0	0	0	0	0	0	1	1	1	1	1	0	1	1	1	1	1
HEMOGLOBIN DHONBURI	1	1	1	1	1	1	1	0	0	0	0	0	0	0	0	0	0	0	0	0	0	1	1	1	0	0	0	0	0	0	1	1	1	1	1	0	1	1	1	1	1
HEMOGLOBIN NEAPOLIS	1	1	1	1	1	1	1	0	0	0	0	0	0	0	0	0	0	0	0	0	0	1	1	1	0	0	0	0	0	0	1	1	1	1	1	0	1	1	1	1	1
HEMOGLOBIN IOWA	1	1	1	1	1	1	1	0	0	0	0	0	0	0	0	0	0	0	0	0	0	1	1	1	0	0	0	0	0	0	1	1	1	1	1	0	1	1	1	1	1
HEMOGLOBIN ZENGCHENG	1	1	1	1	1	1	1	0	0	0	0	0	0	0	0	0	0	0	0	0	0	1	1	1	0	0	0	0	0	0	1	1	1	1	1	0	1	1	1	1	1
HEMOGLOBIN TERRE HAUTE	1	1	1	1	1	1	1	0	0	0	0	0	0	0	0	0	0	0	0	0	0	1	1	1	0	0	0	0	0	0	1	1	1	1	1	0	1	1	1	1	1
HEMOGLOBIN VALLETTA	1	1	1	1	1	1	1	0	0	0	0	0	0	0	0	0	0	0	0	0	0	1	1	1	0	0	0	0	0	0	1	1	1	1	1	1	1	1	1	1	1
HEMOGLOBIN JACKSONVILLE	1	1	1	1	1	1	1	0	0	0	0	0	0	0	0	0	0	0	0	0	0	1	1	1	0	0	0	0	0	0	1	1	1	1	1	0	1	1	1	1	1
HEMOGLOBIN CHESTERFIELD	1	1	1	1	1	1	1	0	0	0	0	0	0	0	0	0	0	0	0	0	0	1	1	1	0	0	0	0	0	0	1	1	1	1	1	0	1	1	1	1	1
HEMOGLOBIN QUEBEC-CHORI	1	1	1	1	1	1	1	0	0	0	0	0	0	0	0	0	0	0	0	0	0	1	1	1	0	0	0	0	0	0	1	1	1	1	1	0	1	1	1	1	1
HEMOGLOBIN CHORI	1	1	1	1	1	1	1	0	0	0	0	0	0	0	0	0	0	0	0	0	0	1	1	1	0	0	0	0	0	0	1	1	1	1	1	0	1	1	1	1	1
HEMOGLOBIN REDONDO	1	1	1	1	1	1	1	0	0	0	0	0	0	0	0	0	0	0	0	0	0	1	1	1	0	0	0	0	0	0	1	1	1	1	1	0	1	1	1	1	1
HEMOGLOBIN ISEHARA	1	1	1	1	1	1	1	0	0	0	0	0	0	0	0	0	0	0	0	0	0	1	1	1	0	0	0	0	0	0	1	1	1	1	1	0	1	1	1	1	1
HEMOGLOBIN CLEVELAND	1	1	1	1	1	1	1	0	0	0	0	0	0	0	0	0	0	0	0	0	0	1	1	1	0	0	0	0	0	0	1	1	1	1	1	0	1	1	1	1	1
HEMOGLOBIN GRENOBLE	1	1	1	1	1	1	1	0	0	0	0	0	0	0	0	0	0	0	0	0	0	1	1	1	0	0	0	0	0	0	1	1	1	1	1	0	1	1	1	1	1
HEMOGLOBIN KODAIRA	1	1	1	1	1	1	1	0	0	0	0	0	0	0	0	0	0	0	0	0	0	1	1	1	0	0	0	0	0	0	1	1	1	1	1	0	1	1	1	1	1
HEMOGLOBIN ST. FRANCIS	1	1	1	1	1	1	1	0	0	0	0	0	0	0	0	0	0	0	0	0	0	1	1	1	0	0	0	0	0	0	1	1	1	1	1	0	1	1	1	1	1
HEMOGLOBIN YAHATA	1	1	1	1	1	1	1	0	0	0	0	0	0	0	0	0	0	0	0	0	0	1	1	1	0	0	0	0	0	0	1	1	1	1	1	0	1	1	1	1	1
HEMOGLOBIN RANCHO MIRAGE	1	1	1	1	1	1	1	0	0	0	0	0	0	0	0	0	0	0	0	0	0	1	1	1	0	0	0	0	0	0	1	1	1	1	1	0	1	1	1	1	1
HEMOGLOBIN MUSCAT	1	1	1	1	1	1	1	0	0	0	0	0	0	0	0	0	0	0	0	0	0	1	1	1	0	0	0	0	0	0	1	1	1	1	1	0	1	1	1	1	1
HEMOGLOBIN BAB-SAADOUN	1	1	1	1	1	1	1	0	0	0	0	0	0	0	0	0	0	0	0	0	0	1	1	1	0	0	0	0	0	0	1	1	1	1	1	0	1	1	1	1	1
HEMOGLOBIN BRESCIA	1	1	1	1	1	1	1	0	0	0	0	0	0	0	0	0	0	0	0	0	0	1	1	1	0	0	0	0	0	0	1	1	1	1	1	0	1	1	1	1	1
HEMOGLOBIN DURHAM-N.C.	1	1	1	1	1	1	1	0	0	0	0	0	0	0	0	0	0	0	0	0	0	1	1	1	0	0	0	0	0	0	1	1	1	1	1	0	1	1	1	1	1
HEMOGLOBIN DUINO	1	1	1	1	1	1	1	0	0	0	0	0	0	0	0	0	0	0	0	0	0	1	1	1	0	0	0	0	0	0	1	1	1	1	1	0	1	1	1	1	1
HEMOGLOBIN BADEN	1	1	1	1	1	1	1	0	0	0	0	0	0	0	0	0	0	0	0	0	0	1	1	1	0	0	0	0	0	0	1	1	1	1	1	0	1	1	1	1	1
HEMOGLOBIN GRAZ	1	1	1	1	1	1	1	0	0	0	0	0	0	0	0	0	0	0	0	0	0	1	1	1	0	0	0	0	0	0	1	1	1	1	1	0	1	1	1	1	1
HEMOGLOBIN KARLSKOGA	1	1	1	1	1	1	1	0	0	0	0	0	0	0	0	0	0	0	0	0	0	1	1	1	0	0	0	0	0	0	1	1	1	1	1	0	1	1	1	1	1
HEMOGLOBIN MUSKEGON	1	1	1	1	1	1	1	0	0	0	0	0	0	0	0	0	0	0	0	0	0	1	1	1	0	0	0	0	0	0	1	1	1	1	1	0	1	1	1	1	1
HEMOGLOBIN TIGRAYE	1	1	1	1	1	1	1	0	0	0	0	0	0	0	0	0	0	0	0	0	0	1	1	1	0	0	0	0	0	0	1	1	1	1	1	0	1	1	1	1	1
HEMOGLOBIN SARREBOURG	1	1	1	1	1	1	1	0	0	0	0	0	0	0	0	0	0	0	0	0	0	1	1	1	0	0	0	0	0	0	1	1	1	1	1	0	1	1	1	1	1
HEMOGLOBIN SAINT NAZAIRE	1	1	1	1	1	1	1	0	0	0	0	0	0	0	0	0	0	0	0	0	0	1	1	1	0	0	0	0	0	0	1	1	1	1	1	0	1	1	1	1	1
Hb camperdown	1	1	1	1	1	1	0	0	0	0	0	0	0	0	0	0	0	0	0	0	0	1	1	1	0	0	0	0	0	0	1	1	1	1	1	0	1	1	1	1	1
HEMOGLOBIN HRADEC KRALOVE	1	1	1	1	1	1	1	0	0	0	0	0	0	0	0	0	0	0	0	0	0	1	1	1	0	0	0	0	0	0	1	1	1	1	1	0	1	1	1	1	1
HEMOGLOBIN HK	1	1	1	1	1	1	1	0	0	0	0	0	0	0	0	0	0	0	0	0	0	1	1	1	0	0	0	0	0	0	1	1	1	1	1	0	1	1	1	1	1
HEMOGLOBIN MANUKAU	1	1	1	1	1	1	1	0	0	0	0	0	0	0	0	0	0	0	0	0	0	1	1	1	0	0	0	0	0	0	1	1	1	1	1	0	1	1	1	1	1
HEMOGLOBIN VILLAVERDE	1	1	1	1	1	1	1	0	0	0	0	0	0	0	0	0	0	0	0	0	0	1	1	1	0	0	0	0	0	0	1	1	1	1	1	0	1	1	1	1	1
HEMOGLOBIN HOWICK	1	1	1	1	1	1	1	0	0	0	0	0	0	0	0	0	0	0	0	0	0	1	1	1	0	0	0	0	0	0	1	1	1	1	1	0	1	1	1	1	1
HEMOGLOBIN DENVER	1	1	1	1	1	1	1	0	0	0	0	0	0	0	0	0	0	0	0	0	0	1	1	1	0	0	0	0	0	0	1	1	1	1	1	0	1	1	1	1	1
HEMOGLOBIN BECKMAN	1	1	1	1	1	1	1	0	0	0	0	0	0	0	0	0	0	0	0	0	0	1	1	1	0	0	0	0	0	0	1	1	1	1	1	0	1	1	1	1	1
HEMOGLOBIN KOREA	1	1	1	1	1	1	1	0	0	0	0	0	0	0	0	0	0	0	0	0	0	1	1	1	0	0	0	0	0	0	1	1	1	1	1	1	1	1	1	1	1
HEMOGLOBIN D (NEATH)	1	1	1	1	1	1	1	0	0	0	0	0	0	0	0	0	0	0	0	0	0	1	1	1	0	0	0	0	0	0	1	1	1	1	1	0	1	1	1	1	1
HEMOGLOBIN WASHTENAW	1	1	1	1	1	1	1	0	0	0	0	0	0	0	0	0	0	0	0	0	0	1	1	1	0	0	0	0	0	0	1	1	1	1	1	0	1	1	1	1	1
HEMOGLOBIN ALESHA	1	1	1	1	1	1	1	0	0	0	0	0	0	0	0	0	0	0	0	0	0	1	1	1	0	0	0	0	0	0	1	1	1	1	1	0	1	1	1	1	1
HEMOGLOBIN DIEPPE	1	1	1	1	1	1	1	0	0	0	0	0	0	0	0	0	0	0	0	0	0	1	1	1	0	0	0	0	0	0	1	1	1	1	1	0	1	1	1	1	1
HEMOGLOBIN HIGASHITOCHIGI	1	1	1	1	1	1	1	0	0	0	0	0	0	0	0	0	0	0	0	0	0	1	1	1	0	0	0	0	0	0	1	1	1	1	1	0	1	1	1	1	1
HEMOGLOBIN HT	1	1	1	1	1	1	1	0	0	0	0	0	0	0	0	0	0	0	0	0	0	1	1	1	0	0	0	0	0	0	1	1	1	1	1	0	1	1	1	1	1
HEMOGLOBIN TROLLHAETTAN	1	1	1	1	1	1	1	0	0	0	0	0	0	0	0	0	0	0	0	0	0	1	1	1	0	0	0	0	0	0	1	1	1	1	1	0	1	1	1	1	1
HEMOGLOBIN TYNE	1	1	1	1	1	1	1	0	0	0	0	0	0	0	0	0	0	0	0	0	0	1	1	1	0	0	0	0	0	0	1	1	1	1	1	0	1	1	1	1	1
HEMOGLOBIN MEDICINE LAKE	1	1	1	1	1	1	1	0	0	0	0	0	0	0	0	0	0	0	0	0	0	1	1	1	0	0	0	0	0	0	1	1	1	1	1	0	1	1	1	1	1
HEMOGLOBIN PUTTELANGE	1	1	1	1	1	1	1	0	0	0	0	0	0	0	0	0	0	0	0	0	0	1	1	1	0	0	0	0	0	0	1	1	1	1	1	0	1	1	1	1	1
HEMOGLOBIN ARTA	1	1	1	1	1	1	1	0	0	0	0	0	0	0	0	0	0	0	0	0	0	1	1	1	0	0	0	0	0	0	1	1	1	1	1	0	1	1	1	1	1
HEMOGLOBIN AURORA	1	1	1	1	1	1	1	0	0	0	0	0	0	0	0	0	0	0	0	0	0	1	1	1	0	0	0	0	0	0	1	1	1	1	1	0	1	1	1	1	1
HEMOGLOBIN NAKANO	1	1	1	1	1	1	1	0	0	0	0	0	0	0	0	0	0	0	0	0	0	1	1	1	0	0	0	0	0	0	1	1	1	1	1	0	1	1	1	1	1
HEMOGLOBIN HINWIL	1	1	1	1	1	1	1	0	0	0	0	0	0	0	0	0	0	0	0	0	0	1	1	1	0	0	0	0	0	0	1	1	1	1	1	0	1	1	1	1	1
HEMOGLOBIN DEBROUSSE	1	1	1	1	1	1	1	0	0	0	0	0	0	0	0	0	0	0	0	0	0	1	1	1	0	0	0	0	0	0	1	1	1	1	1	0	1	1	1	1	1
HEMOGLOBIN TSURUMAI	1	1	1	1	1	1	1	0	0	0	0	0	0	0	0	0	0	0	0	0	0	1	1	1	0	0	0	0	0	0	1	1	1	1	1	0	1	1	1	1	1
HEMOGLOBIN J (EUROPA)	1	1	1	1	1	1	1	0	0	0	0	0	0	0	0	0	0	0	0	0	0	1	1	1	0	0	0	0	0	0	1	1	1	1	1	0	1	1	1	1	1
Hb aubenas	1	1	1	1	1	1	0	0	0	0	0	0	0	0	0	0	0	0	0	0	0	1	1	1	0	0	0	0	0	0	1	1	1	1	1	0	1	1	1	1	1
HEMOGLOBIN COSTA RICA	1	1	1	1	1	1	1	0	0	0	0	0	0	0	0	0	0	0	0	0	0	1	1	1	0	0	0	0	0	0	1	1	1	1	1	0	1	1	1	1	1
Hb niigata	1	1	1	1	1	1	0	0	0	0	0	0	0	0	0	0	0	0	0	0	0	1	1	1	0	0	0	0	0	0	1	1	1	1	1	0	1	1	1	1	1
HEMOGLOBIN HOKUSETSU	1	1	1	1	1	1	1	0	0	0	0	0	0	0	0	0	0	0	0	0	0	1	1	1	0	0	0	0	0	0	1	1	1	1	1	0	1	1	1	1	1
Hb gambara	1	1	1	1	1	1	0	0	0	0	0	0	0	0	0	0	0	0	0	0	0	1	1	1	0	0	0	0	0	0	1	1	1	1	1	0	1	1	1	1	1
HEMOGLOBIN SILVER SPRINGS	1	1	1	1	1	1	1	0	0	0	0	0	0	0	0	0	0	0	0	0	0	1	1	1	0	0	0	0	0	0	1	1	1	1	1	0	1	1	1	1	1
HEMOGLOBIN BURTON-UPON-TRENT	1	1	1	1	1	1	1	0	0	0	0	0	0	0	0	0	0	0	0	0	0	1	1	1	0	0	0	0	0	0	1	1	1	1	1	0	1	1	1	1	1
HEMOGLOBIN OLD DOMINION	1	1	1	1	1	1	1	0	0	0	0	0	0	0	0	0	0	0	0	0	0	1	1	1	0	0	0	0	0	0	1	1	1	1	1	0	1	1	1	1	1
HEMOGLOBIN RIO CLARO	1	1	1	1	1	1	1	0	0	0	0	0	0	0	0	0	0	0	0	0	0	1	1	1	0	0	0	0	0	0	1	1	1	1	1	0	1	1	1	1	1
HEMOGLOBIN NIJKERK	1	1	1	1	1	1	1	0	0	0	0	0	0	0	0	0	0	0	0	0	0	1	1	1	0	0	0	0	0	0	1	1	1	1	1	0	1	1	1	1	1
HEMOGLOBIN CHILE	1	1	1	1	1	1	1	0	0	0	0	0	0	0	0	0	0	0	0	0	0	1	1	1	0	0	0	0	0	0	1	1	1	1	1	0	1	1	1	1	1
HEMOGLOBIN TENDE	1	1	1	1	1	1	1	0	0	0	0	0	0	0	0	0	0	0	0	0	0	1	1	1	0	0	0	0	0	0	1	1	1	1	1	0	1	1	1	1	1
HEMOGLOBIN LA ROCHE-SUR-YON	1	1	1	1	1	1	1	0	0	0	0	0	0	0	0	0	0	0	0	0	0	1	1	1	0	0	0	0	0	0	1	1	1	1	1	0	1	1	1	1	1
HEMOGLOBIN IRAQ-HALABJA	1	1	1	1	1	1	1	0	0	0	0	0	0	0	0	0	0	0	0	0	0	1	1	1	0	0	0	0	0	0	1	1	1	1	1	0	1	1	1	1	1
HEMOGLOBIN LUCKNOW	1	1	1	1	1	1	1	0	0	0	0	0	0	0	0	0	0	0	0	0	0	1	1	1	0	0	0	0	0	0	1	1	1	1	1	0	1	1	1	1	1
HEMOGLOBIN SAGAMI	1	1	1	1	1	1	1	0	0	0	0	0	0	0	0	0	0	0	0	0	0	1	1	1	0	0	0	0	0	0	1	1	1	1	1	0	1	1	1	1	1
HEMOGLOBIN HARROW	1	1	1	1	1	1	1	0	0	0	0	0	0	0	0	0	0	0	0	0	0	1	1	1	0	0	0	0	0	0	1	1	1	1	1	0	1	1	1	1	1
HEMOGLOBIN BRIE COMTE ROBERT	1	1	1	1	1	1	1	0	0	0	0	0	0	0	0	0	0	0	0	0	0	1	1	1	0	0	0	0	0	0	1	1	1	1	1	0	1	1	1	1	1
HEMOGLOBIN BARBIZON	1	1	1	1	1	1	1	0	0	0	0	0	0	0	0	0	0	0	0	0	0	1	1	1	0	0	0	0	0	0	1	1	1	1	1	0	1	1	1	1	1
HEMOGLOBIN BOLOGNA-ST. ORSOLA	1	1	1	1	1	1	1	0	0	0	0	0	0	0	0	0	0	0	0	0	0	1	1	1	0	0	0	0	0	0	1	1	1	1	1	0	1	1	1	1	1
HEMOGLOBIN VILA REAL	1	1	1	1	1	1	1	0	0	0	0	0	0	0	0	0	0	0	0	0	0	1	1	1	0	0	0	0	0	0	1	1	1	1	1	0	1	1	1	1	1
HEMOGLOBIN SAALE	1	1	1	1	1	1	1	0	0	0	0	0	0	0	0	0	0	0	0	0	0	1	1	1	0	0	0	0	0	0	1	1	1	1	1	0	1	1	1	1	1
HEMOGLOBIN BUSHEY	1	1	1	1	1	1	1	0	0	0	0	0	0	0	0	0	0	0	0	0	0	1	1	1	0	0	0	0	0	0	1	1	1	1	1	0	1	1	1	1	1
HEMOGLOBIN CASABLANCA	1	1	1	1	1	1	1	0	0	0	0	0	0	0	0	0	0	0	0	0	0	1	1	1	0	0	0	0	0	0	1	1	1	1	1	0	1	1	1	1	1
HEMOGLOBIN TSUKUMI	1	1	1	1	1	1	1	0	0	0	0	0	0	0	0	0	0	0	0	0	0	1	1	1	0	0	0	0	0	0	1	1	1	1	1	0	1	1	1	1	1
HEMOGLOBIN SITIA	1	1	1	1	1	1	1	0	0	0	0	0	0	0	0	0	0	0	0	0	0	1	1	1	0	0	0	0	0	0	1	1	1	1	1	0	1	1	1	1	1
HEMOGLOBIN ERNZ	1	1	1	1	1	1	1	0	0	0	0	0	0	0	0	0	0	0	0	0	0	1	1	1	0	0	0	0	0	0	1	1	1	1	1	0	1	1	1	1	1
HEMOGLOBIN RENERT	1	1	1	1	1	1	1	0	0	0	0	0	0	0	0	0	0	0	0	0	0	1	1	1	0	0	0	0	0	0	1	1	1	1	1	0	1	1	1	1	1
HEMOGLOBIN WATFORD	1	1	1	1	1	1	1	0	0	0	0	0	0	0	0	0	0	0	0	0	0	1	1	1	0	0	0	0	0	0	1	1	1	1	1	0	1	1	1	1	1
HEMOGLOBIN YAOUNDE	1	1	1	1	1	1	1	0	0	0	0	0	0	0	0	0	0	0	0	0	0	1	1	1	0	0	0	0	0	0	1	1	1	1	1	0	1	1	1	1	1
HEMOGLOBIN MONT SAINT-AIGNAN	1	1	1	1	1	1	1	0	0	0	0	0	0	0	0	0	0	0	0	0	0	1	1	1	0	0	0	0	0	0	1	1	1	1	1	0	1	1	1	1	1
HEMOGLOBIN T LANGE LAND	1	1	1	1	1	1	1	0	0	0	0	0	0	0	0	0	0	0	0	0	0	1	1	1	0	0	0	0	0	0	1	1	1	1	1	0	1	1	1	1	1
HEMOGLOBIN D (AGRI)	1	1	1	1	1	1	1	0	0	0	0	0	0	0	0	0	0	0	0	0	0	1	1	1	0	0	0	0	0	0	1	1	1	1	1	0	1	1	1	1	1
HEMOGLOBIN ANTALYA	1	1	1	1	1	1	1	0	0	0	0	0	0	0	0	0	0	0	0	0	0	1	1	1	0	0	0	0	0	0	1	1	1	1	1	0	1	1	1	1	1
HEMOGLOBIN LIMASSOL	1	1	1	1	1	1	1	0	0	0	0	0	0	0	0	0	0	0	0	0	0	1	1	1	0	0	0	0	0	0	1	1	1	1	1	0	1	1	1	1	1
HEMOGLOBIN CANTERBURY	1	1	1	1	1	1	1	0	0	0	0	0	0	0	0	0	0	0	0	0	0	1	1	1	0	0	0	0	0	0	1	1	1	1	1	0	1	1	1	1	1
HEMOGLOBIN O (TIBESTI)	1	1	1	1	1	1	1	0	0	0	0	0	0	0	0	0	0	0	0	0	0	1	1	1	0	0	0	0	0	0	1	1	1	1	1	0	1	1	1	1	1
HEMOGLOBIN MOLFETTA	1	1	1	1	1	1	1	0	0	0	0	0	0	0	0	0	0	0	0	0	0	1	1	1	0	0	0	0	0	0	1	1	1	1	1	0	1	1	1	1	1
HEMOGLOBIN ILMENAU	1	1	1	1	1	1	1	0	0	0	0	0	0	0	0	0	0	0	0	0	0	1	1	1	0	0	0	0	0	0	1	1	1	1	1	0	1	1	1	1	1
HEMOGLOBIN AUBAGNE	1	1	1	1	1	1	1	0	0	0	0	0	0	0	0	0	0	0	0	0	0	1	1	1	0	0	0	0	0	0	1	1	1	1	1	0	1	1	1	1	1
HEMOGLOBIN KODAIRA II	1	1	1	1	1	1	1	0	0	0	0	0	0	0	0	0	0	0	0	0	0	1	1	1	0	0	0	0	0	0	1	1	1	1	1	0	1	1	1	1	1
HEMOGLOBIN COLIMA	1	1	1	1	1	1	1	0	0	0	0	0	0	0	0	0	0	0	0	0	0	1	1	1	0	0	0	0	0	0	1	1	1	1	1	0	1	1	1	1	1
HEMOGLOBIN POCOS DE CALDAS	1	1	1	1	1	1	1	0	0	0	0	0	0	0	0	0	0	0	0	0	0	1	1	1	0	0	0	0	0	0	1	1	1	1	1	0	1	1	1	1	1
HEMOGLOBIN TRENTO	1	1	1	1	1	1	1	0	0	0	0	0	0	0	0	0	0	0	0	0	0	1	1	1	0	0	0	0	0	0	1	1	1	1	1	0	1	1	1	1	1
HEMOGLOBIN SANTANDER	1	1	1	1	1	1	1	0	0	0	0	0	0	0	0	0	0	0	0	0	0	1	1	1	0	0	0	0	0	0	1	1	1	1	1	0	1	1	1	1	1
HEMOGLOBIN BUZEN	1	1	1	1	1	1	1	0	0	0	0	0	0	0	0	0	0	0	0	0	0	1	1	1	0	0	0	0	0	0	1	1	1	1	1	0	1	1	1	1	1
HEMOGLOBIN SANTA CLARA	1	1	1	1	1	1	1	0	0	0	0	0	0	0	0	0	0	0	0	0	0	1	1	1	0	0	0	0	0	0	1	1	1	1	1	0	1	1	1	1	1
HEMOGLOBIN SPARTA	1	1	1	1	1	1	1	0	0	0	0	0	0	0	0	0	0	0	0	0	0	1	1	1	0	0	0	0	0	0	1	1	1	1	1	0	1	1	1	1	1
HEMOGLOBIN S (CAMEROON)	1	1	1	1	1	1	1	0	0	0	0	0	0	0	0	0	0	0	0	0	0	1	1	1	0	0	0	0	0	0	1	1	1	1	1	0	1	1	1	1	1
HEMOGLOBIN CARDARELLI	1	1	1	1	1	1	1	0	0	0	0	0	0	0	0	0	0	0	0	0	0	1	1	1	0	0	0	0	0	0	1	1	1	1	1	0	1	1	1	1	1
HEMOGLOBIN JAMAICA PLAIN	1	1	1	1	1	1	1	0	0	0	0	0	0	0	0	0	0	0	0	0	0	1	1	1	0	0	0	0	0	0	1	1	1	1	1	0	1	1	1	1	1
HEMOGLOBIN ROCKFORD	1	1	1	1	1	1	1	0	0	0	0	0	0	0	0	0	0	0	0	0	0	1	1	1	0	0	0	0	0	0	1	1	1	1	1	0	1	1	1	1	1
HEMOGLOBIN TRIPOLI	1	1	1	1	1	1	1	0	0	0	0	0	0	0	0	0	0	0	0	0	0	1	1	1	0	0	0	0	0	0	1	1	1	1	1	0	1	1	1	1	1
HEMOGLOBIN TIZI-OUZOU	1	1	1	1	1	1	1	0	0	0	0	0	0	0	0	0	0	0	0	0	0	1	1	1	0	0	0	0	0	0	1	1	1	1	1	0	1	1	1	1	1
HEMOGLOBIN KOCHI	1	1	1	1	1	1	1	0	0	0	0	0	0	0	0	0	0	0	0	0	0	1	1	1	0	0	0	0	0	0	1	1	1	1	1	0	1	1	1	1	1
HEMOGLOBIN ZOETERWOUDE	1	1	1	1	1	1	1	0	0	0	0	0	0	0	0	0	0	0	0	0	0	1	1	1	0	0	0	0	0	0	1	1	1	1	1	0	1	1	1	1	1
HEMOGLOBIN BREM-SUR-MER	1	1	1	1	1	1	1	0	0	0	0	0	0	0	0	0	0	0	0	0	0	1	1	1	0	0	0	0	0	0	1	1	1	1	1	0	1	1	1	1	1
HEMOGLOBIN GELDROP ST. ANNA	1	1	1	1	1	1	1	0	0	0	0	0	0	0	0	0	0	0	0	0	0	1	1	1	0	0	0	0	0	0	1	1	1	1	1	0	1	1	1	1	1
HEMOGLOBIN MARINEO	1	1	1	1	1	1	1	0	0	0	0	0	0	0	0	0	0	0	0	0	0	1	1	1	0	0	0	0	0	0	1	1	1	1	1	0	1	1	1	1	1
HEMOGLOBIN LA CORUNA	1	1	1	1	1	1	1	0	0	0	0	0	0	0	0	0	0	0	0	0	0	1	1	1	0	0	0	0	0	0	1	1	1	1	1	0	1	1	1	1	1
"BETA-PLUS-THALASSEMIA, DOMINANT"	1	1	1	1	1	1	1	0	0	0	0	0	0	0	0	0	0	0	0	0	0	1	1	1	0	0	0	0	0	0	1	1	1	1	1	0	1	1	1	1	1
Beta thalassemia major	7	7	7	7	7	7	0	7	0	0	0	0	0	0	0	0	0	0	0	0	0	7	7	5	0	2	0	0	0	0	7	7	7	7	7	2	7	7	7	7	7
HEMOGLOBIN RIO GRANDE	1	1	1	1	1	1	1	0	0	0	0	0	0	0	0	0	0	0	0	0	0	1	1	1	0	0	0	0	0	0	1	1	1	1	1	0	1	1	1	1	1
HEMOGLOBIN ZIGUINCHOR	2	2	2	2	2	2	2	0	0	0	0	0	0	0	0	0	0	0	0	0	0	2	2	2	0	0	0	0	0	0	2	2	2	2	2	0	2	2	2	2	2
HEMOGLOBIN YAIZU	1	1	1	1	1	1	1	0	0	0	0	0	0	0	0	0	0	0	0	0	0	1	1	1	0	0	0	0	0	0	1	1	1	1	1	0	1	1	1	1	1
HEMOGLOBIN S (OMAN)	1	1	1	1	1	1	1	0	0	0	0	0	0	0	0	0	0	0	0	0	0	1	1	1	0	0	0	0	0	0	1	1	1	1	1	0	1	1	1	1	1
